Census,Week_Start,Week_End,Positives,Positive_Rate,Confirmed_Cases,Confirmed_Case_Rate,Probable_Cases,Probable_Case_Rate,People_Tested,People_Tested_Rate,All_Test_Results,All_Test_Results_Rate
53033000100,3/31/2020,4/14/2020,7,85.82,7,85.82,0,0,105,1287.26,108,1324.04
53033000100,4/15/2020,4/29/2020,2,24.52,2,24.52,0,0,105,1287.26,110,1348.56
53033000200,3/31/2020,4/14/2020,11,129.24,11,129.24,0,0,126,1480.42,129,1515.67
53033000200,4/15/2020,4/29/2020,7,82.25,7,82.25,0,0,117,1374.68,126,1480.42
53033000300,3/31/2020,4/14/2020,1,34.95,1,34.95,0,0,22,768.92,23,803.87
53033000300,4/15/2020,4/29/2020,2,69.9,2,69.9,0,0,23,803.87,28,978.62
53033000401,3/31/2020,4/14/2020,9,136.09,9,136.09,0,0,98,1481.91,105,1587.76
53033000401,4/15/2020,4/29/2020,5,75.61,5,75.61,0,0,83,1255.09,90,1360.94
53033000402,3/31/2020,4/14/2020,9,167.44,9,167.44,0,0,93,1730.17,98,1823.19
53033000402,4/15/2020,4/29/2020,2,37.21,2,37.21,0,0,74,1376.7,76,1413.91
53033000500,3/31/2020,4/14/2020,0,0,0,0,0,0,41,1217.83,43,1277.23
53033000500,4/15/2020,4/29/2020,1,29.7,1,29.7,0,0,43,1277.23,45,1336.64
53033000600,3/31/2020,4/14/2020,11,134.57,11,134.57,0,0,117,1431.33,123,1504.73
53033000600,4/15/2020,4/29/2020,2,24.47,2,24.47,0,0,102,1247.82,106,1296.76
53033000700,3/31/2020,4/14/2020,4,72.6,4,72.6,0,0,66,1197.86,69,1252.31
53033000700,4/15/2020,4/29/2020,3,54.45,3,54.45,0,0,57,1034.52,58,1052.67
53033000800,3/31/2020,4/14/2020,1,36.74,1,36.74,0,0,35,1285.91,36,1322.65
53033000800,4/15/2020,4/29/2020,2,73.48,2,73.48,0,0,26,955.25,28,1028.73
53033000900,3/31/2020,4/14/2020,1,45.6,1,45.6,0,0,28,1276.84,28,1276.84
53033000900,4/15/2020,4/29/2020,0,0,0,0,0,0,28,1276.84,28,1276.84
53033001000,3/31/2020,4/14/2020,1,48.54,1,48.54,0,0,21,1019.43,21,1019.43
53033001000,4/15/2020,4/29/2020,3,145.63,3,145.63,0,0,22,1067.97,22,1067.97
53033001100,3/31/2020,4/14/2020,0,0,0,0,0,0,35,1295.63,35,1295.63
53033001100,4/15/2020,4/29/2020,0,0,0,0,0,0,20,740.36,21,777.38
53033001200,3/31/2020,4/14/2020,10,126.28,10,126.28,0,0,97,1224.88,103,1300.65
53033001200,4/15/2020,4/29/2020,3,37.88,3,37.88,0,0,82,1035.47,85,1073.35
53033001300,3/31/2020,4/14/2020,5,96.42,5,96.42,0,0,64,1234.2,68,1311.34
53033001300,4/15/2020,4/29/2020,2,38.57,2,38.57,0,0,75,1446.33,83,1600.61
53033001400,3/31/2020,4/14/2020,2,37.39,2,37.39,0,0,51,953.34,51,953.34
53033001400,4/15/2020,4/29/2020,5,93.47,5,93.47,0,0,49,915.96,55,1028.12
53033001500,3/31/2020,4/14/2020,0,0,0,0,0,0,22,830.87,22,830.87
53033001500,4/15/2020,4/29/2020,0,0,0,0,0,0,32,1208.54,33,1246.31
53033001600,3/31/2020,4/14/2020,1,21.43,1,21.43,0,0,51,1093.08,53,1135.94
53033001600,4/15/2020,4/29/2020,2,42.87,2,42.87,0,0,47,1007.35,48,1028.78
53033001701,3/31/2020,4/14/2020,4,94.6,4,94.6,0,0,44,1040.61,45,1064.26
53033001701,4/15/2020,4/29/2020,3,70.95,3,70.95,0,0,52,1229.82,55,1300.77
53033001702,3/31/2020,4/14/2020,15,281.01,15,281.01,0,0,93,1742.27,98,1835.94
53033001702,4/15/2020,4/29/2020,1,18.73,1,18.73,0,0,78,1461.26,84,1573.66
53033001800,3/31/2020,4/14/2020,5,95.52,5,95.52,0,0,60,1146.25,63,1203.56
53033001800,4/15/2020,4/29/2020,1,19.1,1,19.1,0,0,45,859.69,50,955.21
53033001900,3/31/2020,4/14/2020,0,0,0,0,0,0,49,1097.05,50,1119.44
53033001900,4/15/2020,4/29/2020,2,44.78,2,44.78,0,0,64,1432.88,68,1522.43
53033002000,3/31/2020,4/14/2020,1,26.42,1,26.42,0,0,35,924.86,36,951.29
53033002000,4/15/2020,4/29/2020,1,26.42,1,26.42,0,0,47,1241.96,47,1241.96
53033002100,3/31/2020,4/14/2020,0,0,0,0,0,0,43,1054.85,45,1103.91
53033002100,4/15/2020,4/29/2020,0,0,0,0,0,0,30,735.94,31,760.47
53033002200,3/31/2020,4/14/2020,0,0,0,0,0,0,45,770.65,48,822.03
53033002200,4/15/2020,4/29/2020,2,34.25,2,34.25,0,0,52,890.53,56,959.03
53033002400,3/31/2020,4/14/2020,0,0,0,0,0,0,24,762.6,27,857.93
53033002400,4/15/2020,4/29/2020,2,63.55,2,63.55,0,0,44,1398.11,45,1429.88
53033002500,3/31/2020,4/14/2020,0,0,0,0,0,0,45,1503.8,46,1537.22
53033002500,4/15/2020,4/29/2020,0,0,0,0,0,0,50,1670.89,52,1737.72
53033002600,3/31/2020,4/14/2020,0,0,0,0,0,0,60,1069.31,60,1069.31
53033002600,4/15/2020,4/29/2020,0,0,0,0,0,0,71,1265.35,73,1300.99
53033002700,3/31/2020,4/14/2020,3,51.73,3,51.73,0,0,67,1155.41,69,1189.9
53033002700,4/15/2020,4/29/2020,2,34.49,2,34.49,0,0,63,1086.43,67,1155.41
53033002800,3/31/2020,4/14/2020,2,41.02,2,41.02,0,0,60,1230.55,63,1292.08
53033002800,4/15/2020,4/29/2020,1,20.51,1,20.51,0,0,76,1558.7,79,1620.23
53033002900,3/31/2020,4/14/2020,3,65.2,3,65.2,0,0,57,1238.78,61,1325.71
53033002900,4/15/2020,4/29/2020,3,65.2,3,65.2,0,0,59,1282.24,62,1347.44
53033003000,3/31/2020,4/14/2020,2,31.65,2,31.65,0,0,63,996.95,65,1028.6
53033003000,4/15/2020,4/29/2020,0,0,0,0,0,0,66,1044.43,69,1091.9
53033003100,3/31/2020,4/14/2020,1,15.2,1,15.2,0,0,71,1079.04,72,1094.24
53033003100,4/15/2020,4/29/2020,0,0,0,0,0,0,46,699.1,50,759.89
53033003200,3/31/2020,4/14/2020,2,21.25,2,21.25,0,0,88,935.21,90,956.46
53033003200,4/15/2020,4/29/2020,1,10.63,1,10.63,0,0,98,1041.48,101,1073.36
53033003300,3/31/2020,4/14/2020,3,38,3,38,0,0,68,861.41,72,912.09
53033003300,4/15/2020,4/29/2020,0,0,0,0,0,0,76,962.76,80,1013.43
53033003400,3/31/2020,4/14/2020,1,27.77,1,27.77,0,0,45,1249.72,48,1333.03
53033003400,4/15/2020,4/29/2020,0,0,0,0,0,0,45,1249.72,48,1333.03
53033003500,3/31/2020,4/14/2020,0,0,0,0,0,0,38,874.24,38,874.24
53033003500,4/15/2020,4/29/2020,0,0,0,0,0,0,66,1518.41,71,1633.45
53033003600,3/31/2020,4/14/2020,6,67.33,6,67.33,0,0,106,1189.42,110,1234.3
53033003600,4/15/2020,4/29/2020,2,22.44,2,22.44,0,0,198,2221.74,204,2289.07
53033003800,3/31/2020,4/14/2020,1,40.78,1,40.78,0,0,24,978.72,26,1060.28
53033003800,4/15/2020,4/29/2020,0,0,0,0,0,0,29,1182.62,29,1182.62
53033003900,3/31/2020,4/14/2020,0,0,0,0,0,0,26,882.23,28,950.09
53033003900,4/15/2020,4/29/2020,0,0,0,0,0,0,29,984.02,29,984.02
53033004000,3/31/2020,4/14/2020,10,308.48,10,308.48,0,0,58,1789.21,60,1850.91
53033004000,4/15/2020,4/29/2020,0,0,0,0,0,0,59,1820.06,62,1912.6
53033004100,3/31/2020,4/14/2020,1,12.25,1,12.25,0,0,89,1090.2,95,1163.7
53033004100,4/15/2020,4/29/2020,1,12.25,1,12.25,0,0,98,1200.44,102,1249.44
53033004200,3/31/2020,4/14/2020,3,36.73,3,36.73,0,0,88,1077.46,92,1126.43
53033004200,4/15/2020,4/29/2020,1,12.24,1,12.24,0,0,118,1444.77,127,1554.97
53033004301,3/31/2020,4/14/2020,0,0,0,0,0,0,34,836.77,36,885.99
53033004301,4/15/2020,4/29/2020,1,24.61,1,24.61,0,0,36,885.99,37,910.6
53033004302,3/31/2020,4/14/2020,1,23.02,1,23.02,0,0,28,644.5,28,644.5
53033004302,4/15/2020,4/29/2020,0,0,0,0,0,0,18,414.32,20,460.35
53033004400,3/31/2020,4/14/2020,0,0,0,0,0,0,65,839.3,66,852.21
53033004400,4/15/2020,4/29/2020,1,12.91,1,12.91,0,0,73,942.6,78,1007.16
53033004500,3/31/2020,4/14/2020,2,69.09,2,69.09,0,0,36,1243.67,37,1278.22
53033004500,4/15/2020,4/29/2020,1,34.55,1,34.55,0,0,40,1381.86,40,1381.86
53033004600,3/31/2020,4/14/2020,2,57.2,2,57.2,0,0,55,1573.09,55,1573.09
53033004600,4/15/2020,4/29/2020,0,0,0,0,0,0,46,1315.68,49,1401.48
53033004700,3/31/2020,4/14/2020,9,75.44,9,75.44,0,0,120,1005.91,120,1005.91
53033004700,4/15/2020,4/29/2020,1,8.38,1,8.38,0,0,139,1165.18,150,1257.38
53033004800,3/31/2020,4/14/2020,1,19.24,1,19.24,0,0,71,1366.12,74,1423.85
53033004800,4/15/2020,4/29/2020,0,0,0,0,0,0,55,1058.26,57,1096.75
53033004900,3/31/2020,4/14/2020,3,41.54,3,41.54,0,0,58,803.03,60,830.72
53033004900,4/15/2020,4/29/2020,3,41.54,3,41.54,0,0,121,1675.28,127,1758.35
53033005000,3/31/2020,4/14/2020,2,43.05,2,43.05,0,0,31,667.23,31,667.23
53033005000,4/15/2020,4/29/2020,3,64.57,3,64.57,0,0,92,1980.18,95,2044.75
53033005100,3/31/2020,4/14/2020,3,75.96,3,75.96,0,0,43,1088.78,45,1139.42
53033005100,4/15/2020,4/29/2020,0,0,0,0,0,0,51,1291.34,52,1316.66
53033005200,3/31/2020,4/14/2020,5,62.45,5,62.45,0,0,47,586.99,49,611.96
53033005200,4/15/2020,4/29/2020,1,12.49,1,12.49,0,0,67,836.77,68,849.26
53033005301,3/31/2020,4/14/2020,2,18.77,2,18.77,0,0,44,412.9,47,441.05
53033005301,4/15/2020,4/29/2020,1,9.38,1,9.38,0,0,81,760.11,83,778.88
53033005302,3/31/2020,4/14/2020,0,0,0,0,0,0,18,216.03,19,228.04
53033005302,4/15/2020,4/29/2020,0,0,0,0,0,0,8,96.01,8,96.01
53033005400,3/31/2020,4/14/2020,0,0,0,0,0,0,86,1127.17,87,1140.28
53033005400,4/15/2020,4/29/2020,3,39.32,3,39.32,0,0,111,1454.84,119,1559.69
53033005600,3/31/2020,4/14/2020,0,0,0,0,0,0,42,609.08,45,652.58
53033005600,4/15/2020,4/29/2020,0,0,0,0,0,0,68,986.13,72,1044.13
53033005700,3/31/2020,4/14/2020,0,0,0,0,0,0,57,870.37,59,900.91
53033005700,4/15/2020,4/29/2020,0,0,0,0,0,0,58,885.64,60,916.17
53033005801,3/31/2020,4/14/2020,4,70.88,4,70.88,0,0,52,921.45,58,1027.77
53033005801,4/15/2020,4/29/2020,1,17.72,1,17.72,0,0,71,1258.13,74,1311.29
53033005802,3/31/2020,4/14/2020,1,15.06,1,15.06,0,0,63,949.02,64,964.09
53033005802,4/15/2020,4/29/2020,0,0,0,0,0,0,75,1129.79,78,1174.98
53033005900,3/31/2020,4/14/2020,1,13.73,1,13.73,0,0,59,809.92,61,837.38
53033005900,4/15/2020,4/29/2020,0,0,0,0,0,0,71,974.65,71,974.65
53033006000,3/31/2020,4/14/2020,3,49.09,3,49.09,0,0,52,850.88,54,883.61
53033006000,4/15/2020,4/29/2020,6,98.18,6,98.18,0,0,134,2192.66,145,2372.65
53033006100,3/31/2020,4/14/2020,2,34.62,2,34.62,0,0,57,986.72,59,1021.34
53033006100,4/15/2020,4/29/2020,1,17.31,1,17.31,0,0,78,1350.24,81,1402.17
53033006200,3/31/2020,4/14/2020,0,0,0,0,0,0,36,862.54,37,886.5
53033006200,4/15/2020,4/29/2020,2,47.92,2,47.92,0,0,57,1365.7,60,1437.57
53033006300,3/31/2020,4/14/2020,4,73.95,4,73.95,0,0,54,998.27,57,1053.73
53033006300,4/15/2020,4/29/2020,2,36.97,2,36.97,0,0,75,1386.48,83,1534.37
53033006400,3/31/2020,4/14/2020,0,0,0,0,0,0,33,962.74,34,991.92
53033006400,4/15/2020,4/29/2020,0,0,0,0,0,0,37,1079.44,39,1137.79
53033006500,3/31/2020,4/14/2020,1,20.46,1,20.46,0,0,56,1145.48,58,1186.39
53033006500,4/15/2020,4/29/2020,0,0,0,0,0,0,63,1288.67,64,1309.12
53033006600,3/31/2020,4/14/2020,0,0,0,0,0,0,30,606.68,31,626.9
53033006600,4/15/2020,4/29/2020,0,0,0,0,0,0,46,930.25,47,950.47
53033006700,3/31/2020,4/14/2020,6,54.43,6,54.43,0,0,80,725.68,82,743.82
53033006700,4/15/2020,4/29/2020,5,45.36,5,45.36,0,0,138,1251.8,156,1415.08
53033006800,3/31/2020,4/14/2020,0,0,0,0,0,0,24,679.61,24,679.61
53033006800,4/15/2020,4/29/2020,0,0,0,0,0,0,37,1047.73,38,1076.05
53033006900,3/31/2020,4/14/2020,0,0,0,0,0,0,36,778.43,36,778.43
53033006900,4/15/2020,4/29/2020,0,0,0,0,0,0,70,1513.62,71,1535.24
53033007000,3/31/2020,4/14/2020,2,23.52,2,23.52,0,0,66,776.26,68,799.78
53033007000,4/15/2020,4/29/2020,1,11.76,1,11.76,0,0,85,999.73,86,1011.49
53033007100,3/31/2020,4/14/2020,2,30.06,2,30.06,0,0,69,1037.2,74,1112.36
53033007100,4/15/2020,4/29/2020,5,75.16,5,75.16,0,0,80,1202.55,83,1247.64
53033007200,3/31/2020,4/14/2020,2,14.61,2,14.61,0,0,142,1037.22,148,1081.04
53033007200,4/15/2020,4/29/2020,4,29.22,4,29.22,0,0,154,1124.87,165,1205.22
53033007300,3/31/2020,4/14/2020,6,39.54,6,39.54,0,0,182,1199.3,194,1278.38
53033007300,4/15/2020,4/29/2020,21,138.38,21,138.38,0,0,228,1502.43,271,1785.78
53033007401,3/31/2020,4/14/2020,3,52.35,3,52.35,0,0,66,1151.75,66,1151.75
53033007401,4/15/2020,4/29/2020,2,34.9,2,34.9,0,0,66,1151.75,69,1204.1
53033007402,3/31/2020,4/14/2020,2,33.21,2,33.21,0,0,58,963.23,58,963.23
53033007402,4/15/2020,4/29/2020,2,33.21,2,33.21,0,0,84,1395.02,93,1544.49
53033007500,3/31/2020,4/14/2020,4,34.33,4,34.33,0,0,113,969.91,117,1004.24
53033007500,4/15/2020,4/29/2020,2,17.17,2,17.17,0,0,128,1098.66,134,1150.16
53033007600,3/31/2020,4/14/2020,0,0,0,0,0,0,56,1239.99,56,1239.99
53033007600,4/15/2020,4/29/2020,1,22.14,1,22.14,0,0,65,1439.27,69,1527.84
53033007700,3/31/2020,4/14/2020,3,55.59,3,55.59,0,0,77,1426.71,80,1482.29
53033007700,4/15/2020,4/29/2020,3,55.59,3,55.59,0,0,77,1426.71,81,1500.82
53033007800,3/31/2020,4/14/2020,2,36.15,2,36.15,0,0,51,921.81,54,976.03
53033007800,4/15/2020,4/29/2020,3,54.22,3,54.22,0,0,78,1409.82,83,1500.19
53033007900,3/31/2020,4/14/2020,6,86.72,6,86.72,0,0,77,1112.85,79,1141.76
53033007900,4/15/2020,4/29/2020,1,14.45,1,14.45,0,0,102,1474.17,108,1560.88
53033008001,3/31/2020,4/14/2020,1,12.95,1,12.95,0,0,83,1075.01,86,1113.87
53033008001,4/15/2020,4/29/2020,4,51.81,4,51.81,0,0,128,1657.85,140,1813.27
53033008002,3/31/2020,4/14/2020,1,22.33,1,22.33,0,0,109,2433.89,115,2567.86
53033008002,4/15/2020,4/29/2020,1,22.33,1,22.33,0,0,131,2925.13,144,3215.41
53033008100,3/31/2020,4/14/2020,11,165.1,11,165.1,0,0,482,7234.21,516,7744.51
53033008100,4/15/2020,4/29/2020,11,165.1,11,165.1,0,0,644,9665.63,709,10641.2
53033008200,3/31/2020,4/14/2020,6,119.84,6,119.84,0,0,68,1358.17,71,1418.09
53033008200,4/15/2020,4/29/2020,4,79.89,4,79.89,0,0,119,2376.81,123,2456.7
53033008300,3/31/2020,4/14/2020,2,61.93,2,61.93,0,0,39,1207.6,41,1269.52
53033008300,4/15/2020,4/29/2020,1,30.96,1,30.96,0,0,57,1764.95,64,1981.69
53033008400,3/31/2020,4/14/2020,0,0,0,0,0,0,72,938.64,72,938.64
53033008400,4/15/2020,4/29/2020,0,0,0,0,0,0,155,2020.68,162,2111.94
53033008500,3/31/2020,4/14/2020,5,80.67,5,80.67,0,0,86,1387.52,93,1500.45
53033008500,4/15/2020,4/29/2020,6,96.8,6,96.8,0,0,121,1952.2,135,2178.08
53033008600,3/31/2020,4/14/2020,5,63.42,5,63.42,0,0,75,951.31,80,1014.73
53033008600,4/15/2020,4/29/2020,3,38.05,3,38.05,0,0,52,659.57,53,672.26
53033008700,3/31/2020,4/14/2020,4,85.24,4,85.24,0,0,52,1108.17,58,1236.04
53033008700,4/15/2020,4/29/2020,1,21.31,0,0,1,21.31,118,2514.7,124,2642.57
53033008800,3/31/2020,4/14/2020,2,50.71,2,50.71,0,0,35,887.37,35,887.37
53033008800,4/15/2020,4/29/2020,0,0,0,0,0,0,59,1495.85,59,1495.85
53033008900,3/31/2020,4/14/2020,1,15.3,1,15.3,0,0,55,841.29,58,887.18
53033008900,4/15/2020,4/29/2020,1,15.3,1,15.3,0,0,79,1208.4,82,1254.28
53033009000,3/31/2020,4/14/2020,6,132.15,6,132.15,0,0,70,1541.7,73,1607.78
53033009000,4/15/2020,4/29/2020,9,198.22,9,198.22,0,0,92,2026.24,118,2598.87
53033009100,3/31/2020,4/14/2020,4,110.25,4,110.25,0,0,30,826.85,32,881.97
53033009100,4/15/2020,4/29/2020,4,110.25,4,110.25,0,0,33,909.53,37,1019.78
53033009200,3/31/2020,4/14/2020,18,488.11,18,488.11,0,0,259,7023.42,294,7972.53
53033009200,4/15/2020,4/29/2020,21,569.47,21,569.47,0,0,282,7647.12,319,8650.47
53033009300,3/31/2020,4/14/2020,5,141.39,5,141.39,0,0,63,1781.56,69,1951.23
53033009300,4/15/2020,4/29/2020,3,84.84,3,84.84,0,0,65,1838.12,76,2149.19
53033009400,3/31/2020,4/14/2020,17,250.53,17,250.53,0,0,89,1311.62,105,1547.42
53033009400,4/15/2020,4/29/2020,15,221.06,15,221.06,0,0,111,1635.84,118,1739
53033009500,3/31/2020,4/14/2020,9,129.22,9,129.22,0,0,90,1292.21,91,1306.57
53033009500,4/15/2020,4/29/2020,6,86.15,6,86.15,0,0,93,1335.29,95,1364
53033009600,3/31/2020,4/14/2020,1,17.24,1,17.24,0,0,41,706.86,42,724.1
53033009600,4/15/2020,4/29/2020,1,17.24,1,17.24,0,0,64,1103.39,65,1120.63
53033009701,3/31/2020,4/14/2020,3,50.61,3,50.61,0,0,58,978.38,58,978.38
53033009701,4/15/2020,4/29/2020,0,0,0,0,0,0,58,978.38,61,1028.98
53033009702,3/31/2020,4/14/2020,6,105.36,6,105.36,0,0,47,825.35,49,860.47
53033009702,4/15/2020,4/29/2020,1,17.56,1,17.56,0,0,54,948.27,56,983.39
53033009800,3/31/2020,4/14/2020,2,27.51,2,27.51,0,0,98,1347.83,101,1389.09
53033009800,4/15/2020,4/29/2020,2,27.51,2,27.51,0,0,97,1334.07,103,1416.59
53033009900,3/31/2020,4/14/2020,4,62.22,4,62.22,0,0,65,1011,73,1135.43
53033009900,4/15/2020,4/29/2020,2,31.11,2,31.11,0,0,51,793.25,52,808.8
53033010001,3/31/2020,4/14/2020,12,256.94,12,256.94,0,0,64,1370.37,67,1434.61
53033010001,4/15/2020,4/29/2020,6,128.47,6,128.47,0,0,62,1327.55,64,1370.37
53033010002,3/31/2020,4/14/2020,3,61.12,3,61.12,0,0,48,977.86,50,1018.61
53033010002,4/15/2020,4/29/2020,3,61.12,3,61.12,0,0,56,1140.84,58,1181.58
53033010100,3/31/2020,4/14/2020,48,567.23,48,567.23,0,0,216,2552.52,256,3025.21
53033010100,4/15/2020,4/29/2020,13,153.62,13,153.62,0,0,216,2552.52,221,2611.6
53033010200,3/31/2020,4/14/2020,6,116.59,6,116.59,0,0,55,1068.72,56,1088.15
53033010200,4/15/2020,4/29/2020,3,58.29,3,58.29,0,0,98,1904.26,105,2040.28
53033010300,3/31/2020,4/14/2020,9,117.25,9,117.25,0,0,122,1589.4,124,1615.45
53033010300,4/15/2020,4/29/2020,11,143.31,11,143.31,0,0,120,1563.34,130,1693.62
53033010401,3/31/2020,4/14/2020,1,20.92,1,20.92,0,0,45,941.25,47,983.09
53033010401,4/15/2020,4/29/2020,4,83.67,4,83.67,0,0,49,1024.92,54,1129.5
53033010402,3/31/2020,4/14/2020,9,175.23,9,175.23,0,0,58,1129.26,58,1129.26
53033010402,4/15/2020,4/29/2020,10,194.7,10,194.7,0,0,63,1226.61,65,1265.55
53033010500,3/31/2020,4/14/2020,16,158.16,16,158.16,0,0,150,1482.75,155,1532.18
53033010500,4/15/2020,4/29/2020,5,49.43,5,49.43,0,0,113,1117.01,119,1176.32
53033010600,3/31/2020,4/14/2020,3,37.67,3,37.67,0,0,81,1016.96,86,1079.74
53033010600,4/15/2020,4/29/2020,1,12.56,1,12.56,0,0,101,1268.06,112,1406.17
53033010701,3/31/2020,4/14/2020,4,100.3,4,100.3,0,0,50,1253.77,52,1303.92
53033010701,4/15/2020,4/29/2020,2,50.15,2,50.15,0,0,48,1203.62,49,1228.69
53033010702,3/31/2020,4/14/2020,12,274.89,12,274.89,0,0,59,1351.52,60,1374.43
53033010702,4/15/2020,4/29/2020,7,160.35,7,160.35,0,0,74,1695.13,75,1718.04
53033010800,3/31/2020,4/14/2020,7,138.13,7,138.13,0,0,64,1262.86,68,1341.79
53033010800,4/15/2020,4/29/2020,0,0,0,0,0,0,52,1026.08,53,1045.81
53033010900,3/31/2020,4/14/2020,4,249.78,4,249.78,0,0,39,2435.36,41,2560.25
53033010900,4/15/2020,4/29/2020,3,187.34,3,187.34,0,0,54,3372.04,56,3496.93
53033011001,3/31/2020,4/14/2020,3,62.25,3,62.25,0,0,51,1058.2,53,1099.7
53033011001,4/15/2020,4/29/2020,7,145.24,7,145.24,0,0,92,1908.91,99,2054.15
53033011002,3/31/2020,4/14/2020,2,42.52,2,42.52,0,0,25,531.5,25,531.5
53033011002,4/15/2020,4/29/2020,5,106.3,5,106.3,0,0,49,1041.73,52,1105.51
53033011101,3/31/2020,4/14/2020,8,122.43,8,122.43,0,0,61,933.56,64,979.48
53033011101,4/15/2020,4/29/2020,10,153.04,10,153.04,0,0,102,1561.04,113,1729.39
53033011102,3/31/2020,4/14/2020,10,205.32,10,205.32,0,0,118,2422.72,128,2628.04
53033011102,4/15/2020,4/29/2020,5,102.66,5,102.66,0,0,300,6159.47,344,7062.86
53033011200,3/31/2020,4/14/2020,5,118.65,5,118.65,0,0,49,1162.77,52,1233.96
53033011200,4/15/2020,4/29/2020,6,142.38,6,142.38,0,0,58,1376.34,60,1423.8
53033011300,3/31/2020,4/14/2020,19,295.92,19,295.92,0,0,72,1121.37,75,1168.09
53033011300,4/15/2020,4/29/2020,11,171.32,11,171.32,0,0,71,1105.8,74,1152.52
53033011401,3/31/2020,4/14/2020,6,136.68,6,136.68,0,0,50,1139.02,51,1161.8
53033011401,4/15/2020,4/29/2020,3,68.34,3,68.34,0,0,56,1275.71,59,1344.05
53033011402,3/31/2020,4/14/2020,6,129.23,6,129.23,0,0,55,1184.59,57,1227.66
53033011402,4/15/2020,4/29/2020,3,64.61,3,64.61,0,0,54,1163.05,58,1249.2
53033011500,3/31/2020,4/14/2020,2,44.7,2,44.7,0,0,55,1229.37,57,1274.07
53033011500,4/15/2020,4/29/2020,0,0,0,0,0,0,48,1072.9,51,1139.96
53033011600,3/31/2020,4/14/2020,1,14.44,1,14.44,0,0,69,996.33,72,1039.65
53033011600,4/15/2020,4/29/2020,0,0,0,0,0,0,77,1111.84,77,1111.84
53033011700,3/31/2020,4/14/2020,13,226.76,13,226.76,0,0,74,1290.76,78,1360.54
53033011700,4/15/2020,4/29/2020,7,122.1,7,122.1,0,0,60,1046.57,71,1238.44
53033011800,3/31/2020,4/14/2020,14,173.77,14,173.77,0,0,96,1191.58,100,1241.23
53033011800,4/15/2020,4/29/2020,11,136.53,11,136.53,0,0,137,1700.48,146,1812.19
53033011900,3/31/2020,4/14/2020,6,78.94,6,78.94,0,0,98,1289.3,102,1341.92
53033011900,4/15/2020,4/29/2020,8,105.25,8,105.25,0,0,104,1368.24,111,1460.33
53033012000,3/31/2020,4/14/2020,0,0,0,0,0,0,31,864.71,36,1004.18
53033012000,4/15/2020,4/29/2020,3,83.68,3,83.68,0,0,48,1338.91,48,1338.91
53033012100,3/31/2020,4/14/2020,1,34.97,1,34.97,0,0,27,944.23,28,979.2
53033012100,4/15/2020,4/29/2020,2,69.94,2,69.94,0,0,40,1398.86,42,1468.8
53033020100,3/31/2020,4/14/2020,14,428.83,14,428.83,0,0,52,1592.8,55,1684.69
53033020100,4/15/2020,4/29/2020,1,30.63,1,30.63,0,0,32,980.18,34,1041.44
53033020200,3/31/2020,4/14/2020,12,207.64,12,207.64,0,0,78,1349.67,81,1401.58
53033020200,4/15/2020,4/29/2020,6,103.82,6,103.82,0,0,77,1332.37,81,1401.58
53033020300,3/31/2020,4/14/2020,6,81.74,6,81.74,0,0,82,1117.12,86,1171.61
53033020300,4/15/2020,4/29/2020,7,95.36,7,95.36,0,0,84,1144.37,89,1212.48
53033020401,3/31/2020,4/14/2020,5,136.13,5,136.13,0,0,50,1361.26,53,1442.94
53033020401,4/15/2020,4/29/2020,7,190.58,7,190.58,0,0,50,1361.26,53,1442.94
53033020402,3/31/2020,4/14/2020,3,53.17,3,53.17,0,0,76,1347.02,77,1364.75
53033020402,4/15/2020,4/29/2020,1,17.72,1,17.72,0,0,52,921.65,55,974.82
53033020500,3/31/2020,4/14/2020,10,140.68,10,140.68,0,0,101,1420.86,108,1519.33
53033020500,4/15/2020,4/29/2020,6,84.41,6,84.41,0,0,94,1322.38,98,1378.65
53033020600,3/31/2020,4/14/2020,9,240.27,9,240.27,0,0,57,1521.68,59,1575.07
53033020600,4/15/2020,4/29/2020,1,26.7,1,26.7,0,0,52,1388.2,56,1494.98
53033020700,3/31/2020,4/14/2020,3,70.99,3,70.99,0,0,59,1396.23,62,1467.22
53033020700,4/15/2020,4/29/2020,7,165.65,7,165.65,0,0,70,1656.54,72,1703.87
53033020800,3/31/2020,4/14/2020,5,112.03,5,112.03,0,0,57,1277.11,58,1299.52
53033020800,4/15/2020,4/29/2020,1,22.41,1,22.41,0,0,66,1478.76,67,1501.17
53033020900,3/31/2020,4/14/2020,0,0,0,0,0,0,41,1127.04,43,1182.02
53033020900,4/15/2020,4/29/2020,0,0,0,0,0,0,64,1759.28,67,1841.75
53033021000,3/31/2020,4/14/2020,4,69.7,4,69.7,0,0,94,1637.89,94,1637.89
53033021000,4/15/2020,4/29/2020,6,104.55,6,104.55,0,0,90,1568.19,92,1603.04
53033021100,3/31/2020,4/14/2020,35,816.05,35,816.05,0,0,112,2611.35,125,2914.45
53033021100,4/15/2020,4/29/2020,7,163.21,7,163.21,0,0,73,1702.04,94,2191.66
53033021300,3/31/2020,4/14/2020,3,75.58,3,75.58,0,0,61,1536.77,65,1637.54
53033021300,4/15/2020,4/29/2020,2,50.39,2,50.39,0,0,88,2216.98,92,2317.75
53033021400,3/31/2020,4/14/2020,1,26.27,1,26.27,0,0,44,1156.08,46,1208.63
53033021400,4/15/2020,4/29/2020,2,52.55,2,52.55,0,0,52,1366.28,54,1418.83
53033021500,3/31/2020,4/14/2020,2,44.26,2,44.26,0,0,54,1195.07,54,1195.07
53033021500,4/15/2020,4/29/2020,0,0,0,0,0,0,64,1416.38,70,1549.17
53033021600,3/31/2020,4/14/2020,2,37.04,2,37.04,0,0,43,796.35,44,814.87
53033021600,4/15/2020,4/29/2020,2,37.04,2,37.04,0,0,50,925.99,53,981.55
53033021700,3/31/2020,4/14/2020,8,89.26,8,89.26,0,0,73,814.47,76,847.94
53033021700,4/15/2020,4/29/2020,4,44.63,4,44.63,0,0,89,992.99,95,1059.93
53033021802,3/31/2020,4/14/2020,5,83.1,5,83.1,0,0,38,631.59,40,664.83
53033021802,4/15/2020,4/29/2020,1,16.62,1,16.62,0,0,31,515.25,32,531.87
53033021803,3/31/2020,4/14/2020,2,31.13,2,31.13,0,0,46,716.1,47,731.67
53033021803,4/15/2020,4/29/2020,0,0,0,0,0,0,61,949.61,61,949.61
53033021804,3/31/2020,4/14/2020,5,75.26,5,75.26,0,0,42,632.18,42,632.18
53033021804,4/15/2020,4/29/2020,3,45.16,3,45.16,0,0,53,797.75,59,888.07
53033021903,3/31/2020,4/14/2020,8,117.37,8,117.37,0,0,51,748.2,51,748.2
53033021903,4/15/2020,4/29/2020,5,73.35,5,73.35,0,0,66,968.26,66,968.26
53033021904,3/31/2020,4/14/2020,5,83.65,5,83.65,0,0,48,803.07,52,869.99
53033021904,4/15/2020,4/29/2020,1,16.73,1,16.73,0,0,43,719.41,48,803.07
53033021905,3/31/2020,4/14/2020,1,18.22,1,18.22,0,0,39,710.52,40,728.74
53033021905,4/15/2020,4/29/2020,13,236.84,13,236.84,0,0,53,965.58,57,1038.46
53033021906,3/31/2020,4/14/2020,2,44.56,2,44.56,0,0,29,646.16,31,690.72
53033021906,4/15/2020,4/29/2020,3,66.84,3,66.84,0,0,29,646.16,30,668.44
53033022001,3/31/2020,4/14/2020,2,36.98,2,36.98,0,0,34,628.65,35,647.14
53033022001,4/15/2020,4/29/2020,0,0,0,0,0,0,39,721.1,41,758.07
53033022003,3/31/2020,4/14/2020,4,74.34,4,74.34,0,0,33,613.34,37,687.69
53033022003,4/15/2020,4/29/2020,4,74.34,4,74.34,0,0,44,817.79,44,817.79
53033022005,3/31/2020,4/14/2020,2,38.33,2,38.33,0,0,35,670.79,35,670.79
53033022005,4/15/2020,4/29/2020,3,57.5,3,57.5,0,0,40,766.62,43,824.12
53033022006,3/31/2020,4/14/2020,1,25.54,1,25.54,0,0,28,715.09,29,740.63
53033022006,4/15/2020,4/29/2020,3,76.62,3,76.62,0,0,39,996.02,41,1047.09
53033022101,3/31/2020,4/14/2020,4,78.34,4,78.34,0,0,43,842.13,44,861.71
53033022101,4/15/2020,4/29/2020,1,19.58,1,19.58,0,0,37,724.62,40,783.38
53033022102,3/31/2020,4/14/2020,2,29.56,2,29.56,0,0,47,694.71,49,724.27
53033022102,4/15/2020,4/29/2020,0,0,0,0,0,0,44,650.36,45,665.14
53033022201,3/31/2020,4/14/2020,7,153.23,7,153.23,0,0,44,963.14,45,985.03
53033022201,4/15/2020,4/29/2020,0,0,0,0,0,0,27,591.02,30,656.69
53033022202,3/31/2020,4/14/2020,3,39.05,3,39.05,0,0,52,676.84,54,702.88
53033022202,4/15/2020,4/29/2020,1,13.02,1,13.02,0,0,48,624.78,53,689.86
53033022203,3/31/2020,4/14/2020,1,17.93,1,17.93,0,0,38,681.38,40,717.25
53033022203,4/15/2020,4/29/2020,5,89.66,5,89.66,0,0,34,609.66,36,645.52
53033022300,3/31/2020,4/14/2020,0,0,0,0,0,0,12,389.69,12,389.69
53033022300,4/15/2020,4/29/2020,2,64.95,2,64.95,0,0,19,617.01,20,649.49
53033022400,3/31/2020,4/14/2020,1,11.62,1,11.62,0,0,74,860.04,75,871.66
53033022400,4/15/2020,4/29/2020,1,11.62,1,11.62,0,0,110,1278.43,112,1301.68
53033022500,3/31/2020,4/14/2020,4,48.11,4,48.11,0,0,75,901.99,77,926.05
53033022500,4/15/2020,4/29/2020,1,12.03,1,12.03,0,0,86,1034.29,90,1082.39
53033022603,3/31/2020,4/14/2020,2,32.1,2,32.1,0,0,37,593.85,41,658.05
53033022603,4/15/2020,4/29/2020,7,112.35,7,112.35,0,0,45,722.25,46,738.3
53033022604,3/31/2020,4/14/2020,0,0,0,0,0,0,45,920.23,46,940.68
53033022604,4/15/2020,4/29/2020,0,0,0,0,0,0,49,1002.03,50,1022.48
53033022605,3/31/2020,4/14/2020,3,49.65,3,49.65,0,0,46,761.29,46,761.29
53033022605,4/15/2020,4/29/2020,2,33.1,2,33.1,0,0,37,612.34,39,645.44
53033022606,3/31/2020,4/14/2020,9,155.81,9,155.81,0,0,58,1004.14,59,1021.45
53033022606,4/15/2020,4/29/2020,15,259.69,15,259.69,0,0,56,969.51,58,1004.14
53033022701,3/31/2020,4/14/2020,0,0,0,0,0,0,33,1044.58,33,1044.58
53033022701,4/15/2020,4/29/2020,0,0,0,0,0,0,32,1012.93,35,1107.89
53033022702,3/31/2020,4/14/2020,2,48.23,2,48.23,0,0,22,530.52,23,554.64
53033022702,4/15/2020,4/29/2020,0,0,0,0,0,0,28,675.21,32,771.67
53033022703,3/31/2020,4/14/2020,1,39.86,1,39.86,0,0,26,1036.29,26,1036.29
53033022703,4/15/2020,4/29/2020,1,39.86,1,39.86,0,0,26,1036.29,27,1076.15
53033022801,3/31/2020,4/14/2020,3,34.39,3,34.39,0,0,55,630.45,56,641.91
53033022801,4/15/2020,4/29/2020,2,22.93,2,22.93,0,0,38,435.58,40,458.51
53033022802,3/31/2020,4/14/2020,0,0,0,0,0,0,26,514.4,26,514.4
53033022802,4/15/2020,4/29/2020,0,0,0,0,0,0,27,534.18,27,534.18
53033022803,3/31/2020,4/14/2020,0,0,0,0,0,0,32,386.43,32,386.43
53033022803,4/15/2020,4/29/2020,0,0,0,0,0,0,34,410.58,35,422.66
53033022901,3/31/2020,4/14/2020,0,0,0,0,0,0,13,440.55,13,440.55
53033022901,4/15/2020,4/29/2020,1,33.89,1,33.89,0,0,12,406.66,12,406.66
53033022902,3/31/2020,4/14/2020,1,14.8,1,14.8,0,0,51,754.83,54,799.23
53033022902,4/15/2020,4/29/2020,1,14.8,1,14.8,0,0,39,577.22,46,680.82
53033023000,3/31/2020,4/14/2020,9,134.25,9,134.25,0,0,49,730.89,49,730.89
53033023000,4/15/2020,4/29/2020,7,104.41,7,104.41,0,0,46,686.14,48,715.98
53033023100,3/31/2020,4/14/2020,1,24.5,1,24.5,0,0,34,833.12,34,833.12
53033023100,4/15/2020,4/29/2020,1,24.5,1,24.5,0,0,35,857.63,35,857.63
53033023201,3/31/2020,4/14/2020,5,68.48,5,68.48,0,0,48,657.38,48,657.38
53033023201,4/15/2020,4/29/2020,6,82.17,6,82.17,0,0,50,684.77,57,780.64
53033023202,3/31/2020,4/14/2020,3,59.16,3,59.16,0,0,30,591.6,30,591.6
53033023202,4/15/2020,4/29/2020,17,335.24,17,335.24,0,0,55,1084.61,61,1202.93
53033023300,3/31/2020,4/14/2020,7,105.08,7,105.08,0,0,53,795.63,53,795.63
53033023300,4/15/2020,4/29/2020,4,60.05,4,60.05,0,0,48,720.57,51,765.61
53033023401,3/31/2020,4/14/2020,3,70.45,3,70.45,0,0,40,939.39,41,962.87
53033023401,4/15/2020,4/29/2020,10,234.85,10,234.85,0,0,82,1925.74,97,2278.01
53033023403,3/31/2020,4/14/2020,2,47.54,2,47.54,0,0,24,570.42,24,570.42
53033023403,4/15/2020,4/29/2020,0,0,0,0,0,0,24,570.42,25,594.19
53033023404,3/31/2020,4/14/2020,0,0,0,0,0,0,16,453.93,16,453.93
53033023404,4/15/2020,4/29/2020,2,56.74,2,56.74,0,0,28,794.37,29,822.74
53033023500,3/31/2020,4/14/2020,0,0,0,0,0,0,23,544.04,25,591.35
53033023500,4/15/2020,4/29/2020,1,23.65,1,23.65,0,0,35,827.89,39,922.51
53033023601,3/31/2020,4/14/2020,3,70.49,3,70.49,0,0,40,939.92,40,939.92
53033023601,4/15/2020,4/29/2020,3,70.49,3,70.49,0,0,45,1057.41,48,1127.9
53033023603,3/31/2020,4/14/2020,2,30.29,2,30.29,0,0,44,666.38,44,666.38
53033023603,4/15/2020,4/29/2020,4,60.58,4,60.58,0,0,39,590.65,40,605.8
53033023604,3/31/2020,4/14/2020,13,195.95,13,195.95,0,0,64,964.67,66,994.82
53033023604,4/15/2020,4/29/2020,2,30.15,2,30.15,0,0,45,678.28,48,723.5
53033023700,3/31/2020,4/14/2020,2,39.86,2,39.86,0,0,42,837.15,43,857.08
53033023700,4/15/2020,4/29/2020,2,39.86,2,39.86,0,0,33,657.76,34,677.69
53033023801,3/31/2020,4/14/2020,7,200.35,7,200.35,0,0,34,973.14,36,1030.38
53033023801,4/15/2020,4/29/2020,1,28.62,1,28.62,0,0,30,858.65,33,944.52
53033023803,3/31/2020,4/14/2020,2,30.02,2,30.02,0,0,46,690.48,47,705.49
53033023803,4/15/2020,4/29/2020,2,30.02,2,30.02,0,0,75,1125.78,83,1245.86
53033023804,3/31/2020,4/14/2020,7,100.43,7,100.43,0,0,64,918.26,66,946.95
53033023804,4/15/2020,4/29/2020,0,0,0,0,0,0,69,990,74,1061.74
53033023900,3/31/2020,4/14/2020,9,122.88,9,122.88,0,0,58,791.92,60,819.23
53033023900,4/15/2020,4/29/2020,6,81.92,6,81.92,0,0,55,750.96,55,750.96
53033024000,3/31/2020,4/14/2020,0,0,0,0,0,0,64,799.53,66,824.51
53033024000,4/15/2020,4/29/2020,1,12.49,1,12.49,0,0,62,774.54,65,812.02
53033024100,3/31/2020,4/14/2020,3,66.59,3,66.59,0,0,40,887.9,42,932.3
53033024100,4/15/2020,4/29/2020,1,22.2,1,22.2,0,0,45,998.89,47,1043.29
53033024200,3/31/2020,4/14/2020,2,60.92,2,60.92,0,0,23,700.54,25,761.46
53033024200,4/15/2020,4/29/2020,0,0,0,0,0,0,18,548.25,18,548.25
53033024300,3/31/2020,4/14/2020,7,82.87,7,82.87,0,0,71,840.52,74,876.04
53033024300,4/15/2020,4/29/2020,2,23.68,2,23.68,0,0,94,1112.8,102,1207.51
53033024400,3/31/2020,4/14/2020,1,30.07,1,30.07,0,0,36,1082.51,36,1082.51
53033024400,4/15/2020,4/29/2020,0,0,0,0,0,0,32,962.23,35,1052.44
53033024500,3/31/2020,4/14/2020,0,0,0,0,0,0,50,1074.7,50,1074.7
53033024500,4/15/2020,4/29/2020,1,21.49,1,21.49,0,0,43,924.24,46,988.72
53033024601,3/31/2020,4/14/2020,1,22.15,1,22.15,0,0,42,930.16,44,974.45
53033024601,4/15/2020,4/29/2020,1,22.15,1,22.15,0,0,43,952.31,43,952.31
53033024602,3/31/2020,4/14/2020,4,106.68,4,106.68,0,0,51,1360.21,52,1386.88
53033024602,4/15/2020,4/29/2020,0,0,0,0,0,0,33,880.14,34,906.81
53033024701,3/31/2020,4/14/2020,1,26.05,1,26.05,0,0,34,885.72,34,885.72
53033024701,4/15/2020,4/29/2020,0,0,0,0,0,0,33,859.66,35,911.77
53033024702,3/31/2020,4/14/2020,4,50.75,4,50.75,0,0,60,761.26,60,761.26
53033024702,4/15/2020,4/29/2020,3,38.06,3,38.06,0,0,54,685.13,54,685.13
53033024800,3/31/2020,4/14/2020,5,79.7,5,79.7,0,0,56,892.68,59,940.5
53033024800,4/15/2020,4/29/2020,1,15.94,1,15.94,0,0,41,653.57,50,797.03
53033024901,3/31/2020,4/14/2020,2,37.85,2,37.85,0,0,35,662.29,36,681.21
53033024901,4/15/2020,4/29/2020,0,0,0,0,0,0,51,965.05,53,1002.9
53033024902,3/31/2020,4/14/2020,5,122.79,5,122.79,0,0,28,687.62,29,712.17
53033024902,4/15/2020,4/29/2020,0,0,0,0,0,0,23,564.83,23,564.83
53033024903,3/31/2020,4/14/2020,0,0,0,0,0,0,39,536.9,40,550.67
53033024903,4/15/2020,4/29/2020,0,0,0,0,0,0,51,702.1,54,743.4
53033025001,3/31/2020,4/14/2020,2,36.86,2,36.86,0,0,40,737.29,41,755.72
53033025001,4/15/2020,4/29/2020,2,36.86,2,36.86,0,0,45,829.45,49,903.18
53033025003,3/31/2020,4/14/2020,5,68.94,5,68.94,0,0,45,620.47,46,634.26
53033025003,4/15/2020,4/29/2020,0,0,0,0,0,0,44,606.69,46,634.26
53033025005,3/31/2020,4/14/2020,5,82.55,5,82.55,0,0,41,676.93,41,676.93
53033025005,4/15/2020,4/29/2020,0,0,0,0,0,0,17,280.68,18,297.19
53033025006,3/31/2020,4/14/2020,3,45.16,3,45.16,0,0,34,511.83,38,572.05
53033025006,4/15/2020,4/29/2020,0,0,0,0,0,0,38,572.05,40,602.16
53033025101,3/31/2020,4/14/2020,12,191.49,12,191.49,0,0,23,367.03,24,382.99
53033025101,4/15/2020,4/29/2020,3,47.87,3,47.87,0,0,41,654.27,47,750.02
53033025102,3/31/2020,4/14/2020,7,79.72,7,79.72,0,0,63,717.45,63,717.45
53033025102,4/15/2020,4/29/2020,0,0,0,0,0,0,64,728.84,70,797.17
53033025200,3/31/2020,4/14/2020,11,126.6,11,126.6,0,0,68,782.61,73,840.15
53033025200,4/15/2020,4/29/2020,6,69.05,6,69.05,0,0,79,909.2,85,978.26
53033025301,3/31/2020,4/14/2020,6,85.41,6,85.41,0,0,64,911.02,69,982.2
53033025301,4/15/2020,4/29/2020,4,56.94,4,56.94,0,0,73,1039.14,80,1138.78
53033025302,3/31/2020,4/14/2020,9,170.42,9,170.42,0,0,96,1817.79,101,1912.46
53033025302,4/15/2020,4/29/2020,8,151.48,8,151.48,0,0,110,2082.88,122,2310.1
53033025400,3/31/2020,4/14/2020,14,169.59,14,169.59,0,0,65,787.39,65,787.39
53033025400,4/15/2020,4/29/2020,10,121.14,10,121.14,0,0,81,981.21,86,1041.78
53033025500,3/31/2020,4/14/2020,14,270.72,14,270.72,0,0,48,928.2,48,928.2
53033025500,4/15/2020,4/29/2020,6,116.02,6,116.02,0,0,54,1044.22,56,1082.9
53033025601,3/31/2020,4/14/2020,4,72.85,4,72.85,0,0,33,600.98,34,619.19
53033025601,4/15/2020,4/29/2020,1,18.21,1,18.21,0,0,46,837.73,46,837.73
53033025602,3/31/2020,4/14/2020,2,30.81,2,30.81,0,0,39,600.78,40,616.19
53033025602,4/15/2020,4/29/2020,1,15.4,1,15.4,0,0,33,508.35,36,554.57
53033025701,3/31/2020,4/14/2020,18,279.17,18,279.17,0,0,64,992.62,65,1008.13
53033025701,4/15/2020,4/29/2020,9,139.59,9,139.59,0,0,95,1473.42,98,1519.95
53033025702,3/31/2020,4/14/2020,3,81.86,3,81.86,0,0,27,736.76,27,736.76
53033025702,4/15/2020,4/29/2020,1,27.29,1,27.29,0,0,43,1173.36,43,1173.36
53033025803,3/31/2020,4/14/2020,8,157.3,8,157.3,0,0,39,766.82,41,806.14
53033025803,4/15/2020,4/29/2020,9,176.96,9,176.96,0,0,63,1238.7,67,1317.35
53033025804,3/31/2020,4/14/2020,9,234.21,9,234.21,0,0,43,1119,45,1171.04
53033025804,4/15/2020,4/29/2020,3,78.07,3,78.07,0,0,43,1119,45,1171.04
53033025805,3/31/2020,4/14/2020,12,226.21,12,226.21,0,0,49,923.69,51,961.39
53033025805,4/15/2020,4/29/2020,1,18.85,1,18.85,0,0,49,923.69,50,942.54
53033025806,3/31/2020,4/14/2020,5,93.08,5,93.08,0,0,61,1135.6,61,1135.6
53033025806,4/15/2020,4/29/2020,5,93.08,5,93.08,0,0,59,1098.37,64,1191.45
53033026001,3/31/2020,4/14/2020,3,50.81,3,50.81,0,0,66,1117.84,67,1134.78
53033026001,4/15/2020,4/29/2020,4,67.75,4,67.75,0,0,111,1880,120,2032.44
53033026002,3/31/2020,4/14/2020,27,325.75,27,325.75,0,0,93,1122.03,100,1206.48
53033026002,4/15/2020,4/29/2020,31,374.01,31,374.01,0,0,140,1689.07,151,1821.78
53033026100,3/31/2020,4/14/2020,24,310.34,24,310.34,0,0,89,1150.85,94,1215.51
53033026100,4/15/2020,4/29/2020,10,129.31,10,129.31,0,0,102,1318.95,107,1383.61
53033026200,3/31/2020,4/14/2020,10,169.48,10,169.48,0,0,83,1406.65,87,1474.44
53033026200,4/15/2020,4/29/2020,7,118.63,7,118.63,0,0,99,1677.81,108,1830.34
53033026300,3/31/2020,4/14/2020,5,254.32,5,254.32,0,0,22,1118.99,23,1169.86
53033026300,4/15/2020,4/29/2020,5,254.32,5,254.32,0,0,25,1271.59,26,1322.45
53033026400,3/31/2020,4/14/2020,12,198.03,12,198.03,0,0,57,940.67,58,957.17
53033026400,4/15/2020,4/29/2020,17,280.55,17,280.55,0,0,87,1435.75,87,1435.75
53033026500,3/31/2020,4/14/2020,14,325.4,14,325.4,0,0,63,1464.29,64,1487.53
53033026500,4/15/2020,4/29/2020,8,185.94,8,185.94,0,0,49,1138.89,53,1231.86
53033026600,3/31/2020,4/14/2020,5,195.57,5,195.57,0,0,25,977.86,25,977.86
53033026600,4/15/2020,4/29/2020,8,312.92,8,312.92,0,0,30,1173.44,32,1251.67
53033026700,3/31/2020,4/14/2020,9,154.2,9,154.2,0,0,59,1010.88,60,1028.01
53033026700,4/15/2020,4/29/2020,5,85.67,5,85.67,0,0,61,1045.14,65,1113.68
53033026801,3/31/2020,4/14/2020,12,200.17,12,200.17,0,0,62,1034.22,63,1050.91
53033026801,4/15/2020,4/29/2020,11,183.49,11,183.49,0,0,74,1234.4,74,1234.4
53033026802,3/31/2020,4/14/2020,11,178.04,11,178.04,0,0,76,1230.09,80,1294.83
53033026802,4/15/2020,4/29/2020,18,291.34,18,291.34,0,0,80,1294.83,83,1343.38
53033027000,3/31/2020,4/14/2020,10,272.73,10,272.73,0,0,42,1145.45,44,1200
53033027000,4/15/2020,4/29/2020,8,218.18,8,218.18,0,0,39,1063.64,39,1063.64
53033027100,3/31/2020,4/14/2020,3,78.99,3,78.99,0,0,42,1105.92,43,1132.26
53033027100,4/15/2020,4/29/2020,5,131.66,5,131.66,0,0,39,1026.93,40,1053.26
53033027200,3/31/2020,4/14/2020,3,108.16,3,108.16,0,0,27,973.42,29,1045.53
53033027200,4/15/2020,4/29/2020,5,180.26,5,180.26,0,0,29,1045.53,29,1045.53
53033027300,3/31/2020,4/14/2020,11,162.23,11,162.23,0,0,58,855.4,61,899.64
53033027300,4/15/2020,4/29/2020,6,88.49,6,88.49,0,0,67,988.13,72,1061.87
53033027400,3/31/2020,4/14/2020,13,224.21,13,224.21,0,0,47,810.6,47,810.6
53033027400,4/15/2020,4/29/2020,7,120.73,7,120.73,0,0,71,1224.52,71,1224.52
53033027500,3/31/2020,4/14/2020,5,100.16,5,100.16,0,0,40,801.31,40,801.31
53033027500,4/15/2020,4/29/2020,6,120.2,6,120.2,0,0,97,1943.18,99,1983.24
53033027600,3/31/2020,4/14/2020,4,77.61,4,77.61,0,0,30,582.1,30,582.1
53033027600,4/15/2020,4/29/2020,4,77.61,4,77.61,0,0,46,892.56,47,911.96
53033027701,3/31/2020,4/14/2020,0,0,0,0,0,0,72,1247.5,73,1264.82
53033027701,4/15/2020,4/29/2020,0,0,0,0,0,0,60,1039.58,65,1126.21
53033027702,3/31/2020,4/14/2020,2,39.38,2,39.38,0,0,72,1417.63,74,1457
53033027702,4/15/2020,4/29/2020,0,0,0,0,0,0,47,925.39,49,964.77
53033027800,3/31/2020,4/14/2020,2,57.7,2,57.7,0,0,29,836.66,30,865.51
53033027800,4/15/2020,4/29/2020,0,0,0,0,0,0,28,807.81,29,836.66
53033027900,3/31/2020,4/14/2020,12,161.04,12,161.04,0,0,88,1180.99,91,1221.25
53033027900,4/15/2020,4/29/2020,2,26.84,2,26.84,0,0,74,993.1,78,1046.79
53033028000,3/31/2020,4/14/2020,6,163.9,6,163.9,0,0,36,983.4,38,1038.04
53033028000,4/15/2020,4/29/2020,4,109.27,4,109.27,0,0,43,1174.62,49,1338.52
53033028100,3/31/2020,4/14/2020,11,422.74,11,422.74,0,0,28,1076.06,28,1076.06
53033028100,4/15/2020,4/29/2020,4,153.72,4,153.72,0,0,26,999.2,27,1037.63
53033028200,3/31/2020,4/14/2020,9,175.38,9,175.38,0,0,66,1286.15,69,1344.61
53033028200,4/15/2020,4/29/2020,13,253.33,13,253.33,0,0,69,1344.61,74,1442.05
53033028300,3/31/2020,4/14/2020,7,132.43,7,132.43,0,0,67,1267.58,69,1305.42
53033028300,4/15/2020,4/29/2020,8,151.35,8,151.35,0,0,78,1475.69,81,1532.45
53033028402,3/31/2020,4/14/2020,5,92.48,5,92.48,0,0,56,1035.81,57,1054.31
53033028402,4/15/2020,4/29/2020,5,92.48,5,92.48,0,0,58,1072.81,60,1109.8
53033028403,3/31/2020,4/14/2020,10,172.14,10,172.14,0,0,38,654.13,39,671.34
53033028403,4/15/2020,4/29/2020,8,137.71,8,137.71,0,0,77,1325.47,80,1377.11
53033028500,3/31/2020,4/14/2020,7,160.72,7,160.72,0,0,45,1033.19,46,1056.15
53033028500,4/15/2020,4/29/2020,9,206.64,9,206.64,0,0,54,1239.83,54,1239.83
53033028600,3/31/2020,4/14/2020,5,76.75,5,76.75,0,0,46,706.1,47,721.45
53033028600,4/15/2020,4/29/2020,3,46.05,3,46.05,0,0,75,1151.26,79,1212.66
53033028700,3/31/2020,4/14/2020,6,111.52,6,111.52,0,0,59,1096.64,61,1133.82
53033028700,4/15/2020,4/29/2020,0,0,0,0,0,0,56,1040.88,60,1115.23
53033028801,3/31/2020,4/14/2020,4,130.56,4,130.56,0,0,28,913.91,28,913.91
53033028801,4/15/2020,4/29/2020,0,0,0,0,0,0,35,1142.38,37,1207.66
53033028802,3/31/2020,4/14/2020,12,183.58,12,183.58,0,0,77,1177.97,79,1208.57
53033028802,4/15/2020,4/29/2020,16,244.77,16,244.77,0,0,84,1285.06,86,1315.66
53033028901,3/31/2020,4/14/2020,6,149.84,6,149.84,0,0,43,1073.84,48,1198.7
53033028901,4/15/2020,4/29/2020,4,99.89,4,99.89,0,0,39,973.94,40,998.92
53033028902,3/31/2020,4/14/2020,17,259.74,17,259.74,0,0,75,1145.89,77,1176.45
53033028902,4/15/2020,4/29/2020,15,229.18,15,229.18,0,0,137,2093.17,140,2139
53033029001,3/31/2020,4/14/2020,3,64.63,3,64.63,0,0,47,1012.59,51,1098.77
53033029001,4/15/2020,4/29/2020,8,172.36,8,172.36,0,0,70,1508.11,76,1637.38
53033029003,3/31/2020,4/14/2020,9,146.16,9,146.16,0,0,56,909.47,58,941.95
53033029003,4/15/2020,4/29/2020,2,32.48,2,32.48,0,0,108,1753.97,111,1802.7
53033029004,3/31/2020,4/14/2020,10,257.31,10,257.31,0,0,25,643.27,26,669
53033029004,4/15/2020,4/29/2020,12,308.77,12,308.77,0,0,45,1157.89,47,1209.36
53033029101,3/31/2020,4/14/2020,6,158.72,6,158.72,0,0,30,793.62,30,793.62
53033029101,4/15/2020,4/29/2020,2,52.91,2,52.91,0,0,30,793.62,32,846.53
53033029102,3/31/2020,4/14/2020,3,66.59,3,66.59,0,0,43,954.39,43,954.39
53033029102,4/15/2020,4/29/2020,3,66.59,3,66.59,0,0,53,1176.34,57,1265.12
53033029203,3/31/2020,4/14/2020,6,123.18,6,123.18,0,0,34,698,34,698
53033029203,4/15/2020,4/29/2020,7,143.71,7,143.71,0,0,61,1252.29,64,1313.87
53033029204,3/31/2020,4/14/2020,8,112.3,8,112.3,0,0,62,870.29,64,898.36
53033029204,4/15/2020,4/29/2020,9,126.33,9,126.33,0,0,77,1080.84,81,1136.99
53033029205,3/31/2020,4/14/2020,6,124.3,6,124.3,0,0,40,828.65,41,849.36
53033029205,4/15/2020,4/29/2020,4,82.86,4,82.86,0,0,58,1201.54,59,1222.25
53033029206,3/31/2020,4/14/2020,7,169.63,7,169.63,0,0,44,1066.24,47,1138.94
53033029206,4/15/2020,4/29/2020,4,96.93,4,96.93,0,0,43,1042.01,45,1090.47
53033029303,3/31/2020,4/14/2020,15,177.4,15,177.4,0,0,89,1052.6,92,1088.08
53033029303,4/15/2020,4/29/2020,10,118.27,10,118.27,0,0,102,1206.35,110,1300.96
53033029304,3/31/2020,4/14/2020,3,54,3,54,0,0,39,702.03,41,738.04
53033029304,4/15/2020,4/29/2020,3,54,3,54,0,0,61,1098.05,64,1152.06
53033029305,3/31/2020,4/14/2020,6,134.09,6,134.09,0,0,42,938.61,44,983.31
53033029305,4/15/2020,4/29/2020,13,290.52,13,290.52,0,0,51,1139.75,55,1229.14
53033029306,3/31/2020,4/14/2020,5,123.67,5,123.67,0,0,38,939.9,39,964.64
53033029306,4/15/2020,4/29/2020,0,0,0,0,0,0,48,1187.24,51,1261.45
53033029307,3/31/2020,4/14/2020,3,73,3,73,0,0,24,583.98,24,583.98
53033029307,4/15/2020,4/29/2020,3,73,3,73,0,0,25,608.32,26,632.65
53033029403,3/31/2020,4/14/2020,5,84.5,5,84.5,0,0,50,844.97,50,844.97
53033029403,4/15/2020,4/29/2020,5,84.5,5,84.5,0,0,51,861.87,53,895.66
53033029405,3/31/2020,4/14/2020,6,97.91,6,97.91,0,0,47,766.96,50,815.92
53033029405,4/15/2020,4/29/2020,1,16.32,1,16.32,0,0,56,913.83,59,962.78
53033029406,3/31/2020,4/14/2020,7,135.06,7,135.06,0,0,40,771.76,40,771.76
53033029406,4/15/2020,4/29/2020,1,19.29,1,19.29,0,0,52,1003.29,56,1080.46
53033029407,3/31/2020,4/14/2020,15,291.96,15,291.96,0,0,53,1031.57,54,1051.04
53033029407,4/15/2020,4/29/2020,37,720.16,37,720.16,0,0,134,2608.13,137,2666.52
53033029408,3/31/2020,4/14/2020,6,132.83,6,132.83,0,0,32,708.42,32,708.42
53033029408,4/15/2020,4/29/2020,7,154.97,7,154.97,0,0,50,1106.9,52,1151.18
53033029502,3/31/2020,4/14/2020,9,119.31,9,119.31,0,0,59,782.12,60,795.38
53033029502,4/15/2020,4/29/2020,9,119.31,9,119.31,0,0,80,1060.51,82,1087.02
53033029503,3/31/2020,4/14/2020,10,120.83,10,120.83,0,0,55,664.54,58,700.79
53033029503,4/15/2020,4/29/2020,8,96.66,8,96.66,0,0,95,1147.84,103,1244.5
53033029504,3/31/2020,4/14/2020,9,154.27,9,154.27,0,0,55,942.77,56,959.91
53033029504,4/15/2020,4/29/2020,12,205.69,12,205.69,0,0,82,1405.58,83,1422.72
53033029601,3/31/2020,4/14/2020,22,292.8,22,292.8,0,0,82,1091.35,83,1104.66
53033029601,4/15/2020,4/29/2020,14,186.33,14,186.33,0,0,77,1024.8,80,1064.73
53033029602,3/31/2020,4/14/2020,4,56.85,4,56.85,0,0,43,611.15,43,611.15
53033029602,4/15/2020,4/29/2020,7,99.49,7,99.49,0,0,59,838.55,64,909.61
53033029700,3/31/2020,4/14/2020,5,62.59,5,62.59,0,0,81,1013.99,82,1026.5
53033029700,4/15/2020,4/29/2020,12,150.22,12,150.22,0,0,119,1489.68,128,1602.35
53033029801,3/31/2020,4/14/2020,9,110.02,9,110.02,0,0,69,843.51,70,855.74
53033029801,4/15/2020,4/29/2020,9,110.02,9,110.02,0,0,64,782.39,67,819.06
53033029802,3/31/2020,4/14/2020,11,112.18,11,112.18,0,0,69,703.68,73,744.48
53033029802,4/15/2020,4/29/2020,11,112.18,11,112.18,0,0,78,795.47,81,826.06
53033029901,3/31/2020,4/14/2020,7,139.02,7,139.02,0,0,37,734.83,40,794.42
53033029901,4/15/2020,4/29/2020,4,79.44,4,79.44,0,0,38,754.69,39,774.55
53033029902,3/31/2020,4/14/2020,5,92.63,5,92.63,0,0,47,870.7,47,870.7
53033029902,4/15/2020,4/29/2020,3,55.58,3,55.58,0,0,49,907.75,52,963.33
53033030003,3/31/2020,4/14/2020,6,93.37,6,93.37,0,0,57,887.01,61,949.26
53033030003,4/15/2020,4/29/2020,8,124.49,8,124.49,0,0,58,902.57,60,933.7
53033030004,3/31/2020,4/14/2020,18,209.62,18,209.62,0,0,80,931.66,85,989.88
53033030004,4/15/2020,4/29/2020,15,174.69,15,174.69,0,0,89,1036.47,94,1094.69
53033030005,3/31/2020,4/14/2020,14,236.63,14,236.63,0,0,46,777.5,48,811.3
53033030005,4/15/2020,4/29/2020,10,169.02,10,169.02,0,0,66,1115.54,66,1115.54
53033030006,3/31/2020,4/14/2020,16,381.89,16,381.89,0,0,62,1479.83,65,1551.44
53033030006,4/15/2020,4/29/2020,13,310.29,13,310.29,0,0,85,2028.8,87,2076.54
53033030100,3/31/2020,4/14/2020,7,89.88,7,89.88,0,0,77,988.69,79,1014.37
53033030100,4/15/2020,4/29/2020,1,12.84,1,12.84,0,0,64,821.76,65,834.6
53033030201,3/31/2020,4/14/2020,4,68.45,4,68.45,0,0,41,701.6,41,701.6
53033030201,4/15/2020,4/29/2020,7,119.78,7,119.78,0,0,57,975.39,59,1009.62
53033030202,3/31/2020,4/14/2020,23,307.17,23,307.17,0,0,91,1215.33,95,1268.75
53033030202,4/15/2020,4/29/2020,16,213.68,16,213.68,0,0,199,2657.7,210,2804.6
53033030304,3/31/2020,4/14/2020,6,154.81,6,154.81,0,0,31,799.87,32,825.68
53033030304,4/15/2020,4/29/2020,4,103.21,4,103.21,0,0,30,774.07,30,774.07
53033030305,3/31/2020,4/14/2020,4,76.71,4,76.71,0,0,38,728.78,38,728.78
53033030305,4/15/2020,4/29/2020,3,57.54,3,57.54,0,0,42,805.5,43,824.68
53033030306,3/31/2020,4/14/2020,6,100.52,6,100.52,0,0,48,804.19,50,837.7
53033030306,4/15/2020,4/29/2020,5,83.77,5,83.77,0,0,58,971.73,59,988.48
53033030308,3/31/2020,4/14/2020,5,75.94,5,75.94,0,0,47,713.82,49,744.19
53033030308,4/15/2020,4/29/2020,3,45.56,3,45.56,0,0,68,1032.76,70,1063.13
53033030309,3/31/2020,4/14/2020,2,32.99,2,32.99,0,0,41,676.19,42,692.69
53033030309,4/15/2020,4/29/2020,11,181.42,11,181.42,0,0,65,1072.01,66,1088.51
53033030310,3/31/2020,4/14/2020,3,46.54,3,46.54,0,0,48,744.67,52,806.73
53033030310,4/15/2020,4/29/2020,6,93.08,6,93.08,0,0,53,822.24,55,853.27
53033030311,3/31/2020,4/14/2020,5,94.93,5,94.93,0,0,43,816.36,43,816.36
53033030311,4/15/2020,4/29/2020,5,94.93,5,94.93,0,0,53,1006.21,56,1063.17
53033030312,3/31/2020,4/14/2020,10,197.46,10,197.46,0,0,49,967.57,51,1007.07
53033030312,4/15/2020,4/29/2020,4,78.99,4,78.99,0,0,28,552.9,28,552.9
53033030313,3/31/2020,4/14/2020,6,140.81,6,140.81,0,0,58,1361.16,61,1431.56
53033030313,4/15/2020,4/29/2020,1,23.47,1,23.47,0,0,83,1947.86,85,1994.8
53033030314,3/31/2020,4/14/2020,6,122.72,6,122.72,0,0,70,1431.78,73,1493.14
53033030314,4/15/2020,4/29/2020,2,40.91,2,40.91,0,0,54,1104.52,57,1165.88
53033030401,3/31/2020,4/14/2020,7,74.56,7,74.56,0,0,77,820.13,80,852.08
53033030401,4/15/2020,4/29/2020,7,74.56,7,74.56,0,0,71,756.22,77,820.13
53033030403,3/31/2020,4/14/2020,7,149.01,7,149.01,0,0,42,894.06,42,894.06
53033030403,4/15/2020,4/29/2020,4,85.15,4,85.15,0,0,53,1128.22,57,1213.37
53033030404,3/31/2020,4/14/2020,8,158.1,8,158.1,0,0,32,632.42,32,632.42
53033030404,4/15/2020,4/29/2020,5,98.81,5,98.81,0,0,32,632.42,32,632.42
53033030501,3/31/2020,4/14/2020,0,0,0,0,0,0,30,1120.92,34,1270.37
53033030501,4/15/2020,4/29/2020,3,112.09,3,112.09,0,0,40,1494.56,44,1644.01
53033030503,3/31/2020,4/14/2020,11,207.23,11,207.23,0,0,60,1130.35,61,1149.19
53033030503,4/15/2020,4/29/2020,6,113.04,6,113.04,0,0,90,1695.53,93,1752.05
53033030504,3/31/2020,4/14/2020,6,126.31,6,126.31,0,0,36,757.86,37,778.91
53033030504,4/15/2020,4/29/2020,14,294.72,14,294.72,0,0,61,1284.16,62,1305.21
53033030600,3/31/2020,4/14/2020,6,109.9,6,109.9,0,0,52,952.44,53,970.75
53033030600,4/15/2020,4/29/2020,6,109.9,6,109.9,0,0,58,1062.33,62,1135.6
53033030700,3/31/2020,4/14/2020,7,176.25,7,176.25,0,0,37,931.61,40,1007.15
53033030700,4/15/2020,4/29/2020,7,176.25,7,176.25,0,0,34,856.08,36,906.44
53033030801,3/31/2020,4/14/2020,19,263.39,19,263.39,0,0,84,1164.45,87,1206.04
53033030801,4/15/2020,4/29/2020,19,263.39,19,263.39,0,0,79,1095.14,81,1122.86
53033030802,3/31/2020,4/14/2020,5,119.21,5,119.21,0,0,33,786.8,33,786.8
53033030802,4/15/2020,4/29/2020,6,143.05,6,143.05,0,0,38,906.01,38,906.01
53033030901,3/31/2020,4/14/2020,4,104.87,4,104.87,0,0,21,550.57,22,576.79
53033030901,4/15/2020,4/29/2020,7,183.52,7,183.52,0,0,32,838.97,34,891.4
53033030902,3/31/2020,4/14/2020,6,100.02,6,100.02,0,0,39,650.13,40,666.8
53033030902,4/15/2020,4/29/2020,12,200.04,12,200.04,0,0,58,966.87,59,983.54
53033031000,3/31/2020,4/14/2020,1,22.08,1,22.08,0,0,28,618.25,29,640.33
53033031000,4/15/2020,4/29/2020,2,44.16,2,44.16,0,0,28,618.25,30,662.41
53033031100,3/31/2020,4/14/2020,7,98.8,7,98.8,0,0,50,705.74,52,733.97
53033031100,4/15/2020,4/29/2020,12,169.38,12,169.38,0,0,79,1115.07,79,1115.07
53033031202,3/31/2020,4/14/2020,9,131.74,9,131.74,0,0,51,746.5,53,775.78
53033031202,4/15/2020,4/29/2020,0,0,0,0,0,0,36,526.94,36,526.94
53033031204,3/31/2020,4/14/2020,4,61.63,4,61.63,0,0,42,647.15,43,662.56
53033031204,4/15/2020,4/29/2020,1,15.41,1,15.41,0,0,44,677.97,47,724.19
53033031205,3/31/2020,4/14/2020,15,177.82,15,177.82,0,0,75,889.12,76,900.98
53033031205,4/15/2020,4/29/2020,8,94.84,8,94.84,0,0,83,983.96,85,1007.67
53033031206,3/31/2020,4/14/2020,17,325,17,325,0,0,47,898.54,47,898.54
53033031206,4/15/2020,4/29/2020,3,57.35,3,57.35,0,0,25,477.95,25,477.95
53033031301,3/31/2020,4/14/2020,3,112.09,3,112.09,0,0,17,635.19,19,709.92
53033031301,4/15/2020,4/29/2020,1,37.36,1,37.36,0,0,16,597.82,16,597.82
53033031302,3/31/2020,4/14/2020,2,40.53,2,40.53,0,0,40,810.63,41,830.89
53033031302,4/15/2020,4/29/2020,1,20.27,1,20.27,0,0,19,385.05,22,445.84
53033031400,3/31/2020,4/14/2020,20,327.09,20,327.09,0,0,83,1357.41,89,1455.53
53033031400,4/15/2020,4/29/2020,2,32.71,2,32.71,0,0,46,752.3,50,817.71
53033031501,3/31/2020,4/14/2020,4,96.19,4,96.19,0,0,21,504.98,23,553.07
53033031501,4/15/2020,4/29/2020,1,24.05,1,24.05,0,0,26,625.21,27,649.26
53033031502,3/31/2020,4/14/2020,3,64.37,3,64.37,0,0,25,536.4,28,600.77
53033031502,4/15/2020,4/29/2020,1,21.46,1,21.46,0,0,25,536.4,27,579.32
53033031601,3/31/2020,4/14/2020,5,88.34,5,88.34,0,0,29,512.36,29,512.36
53033031601,4/15/2020,4/29/2020,0,0,0,0,0,0,18,318.02,18,318.02
53033031603,3/31/2020,4/14/2020,4,57.55,4,57.55,0,0,43,618.66,45,647.43
53033031603,4/15/2020,4/29/2020,1,14.39,1,14.39,0,0,38,546.72,40,575.49
53033031604,3/31/2020,4/14/2020,5,88.75,5,88.75,0,0,35,621.24,35,621.24
53033031604,4/15/2020,4/29/2020,0,0,0,0,0,0,23,408.24,27,479.24
53033031605,3/31/2020,4/14/2020,1,24.34,1,24.34,0,0,13,316.45,13,316.45
53033031605,4/15/2020,4/29/2020,0,0,0,0,0,0,20,486.85,22,535.53
53033031703,3/31/2020,4/14/2020,14,188.58,14,188.58,0,0,62,835.15,65,875.56
53033031703,4/15/2020,4/29/2020,3,40.41,3,40.41,0,0,64,862.09,68,915.98
53033031704,3/31/2020,4/14/2020,6,97.23,6,97.23,0,0,54,875.04,58,939.86
53033031704,4/15/2020,4/29/2020,1,16.2,1,16.2,0,0,49,794.02,52,842.63
53033031705,3/31/2020,4/14/2020,4,96.93,4,96.93,0,0,19,460.43,22,533.13
53033031705,4/15/2020,4/29/2020,1,24.23,1,24.23,0,0,22,533.13,25,605.83
53033031706,3/31/2020,4/14/2020,8,102.87,8,102.87,0,0,62,797.24,64,822.96
53033031706,4/15/2020,4/29/2020,1,12.86,1,12.86,0,0,57,732.95,61,784.38
53033031800,3/31/2020,4/14/2020,3,58.58,3,58.58,0,0,33,644.37,34,663.9
53033031800,4/15/2020,4/29/2020,5,97.63,5,97.63,0,0,37,722.48,37,722.48
53033031903,3/31/2020,4/14/2020,3,40.22,3,40.22,0,0,55,737.4,56,750.81
53033031903,4/15/2020,4/29/2020,2,26.81,2,26.81,0,0,50,670.37,56,750.81
53033031904,3/31/2020,4/14/2020,0,0,0,0,0,0,22,617.8,24,673.96
53033031904,4/15/2020,4/29/2020,1,28.08,1,28.08,0,0,25,702.04,30,842.45
53033031906,3/31/2020,4/14/2020,3,70.34,3,70.34,0,0,26,609.64,26,609.64
53033031906,4/15/2020,4/29/2020,1,23.45,1,23.45,0,0,39,914.46,39,914.46
53033031907,3/31/2020,4/14/2020,10,126.79,10,126.79,0,0,57,722.68,59,748.03
53033031907,4/15/2020,4/29/2020,9,114.11,9,114.11,0,0,76,963.57,80,1014.28
53033031908,3/31/2020,4/14/2020,3,67.32,3,67.32,0,0,38,852.77,38,852.77
53033031908,4/15/2020,4/29/2020,1,22.44,1,22.44,0,0,51,1144.5,54,1211.83
53033031909,3/31/2020,4/14/2020,2,65.57,2,65.57,0,0,29,950.78,29,950.78
53033031909,4/15/2020,4/29/2020,1,32.79,1,32.79,0,0,35,1147.49,36,1180.28
53033032002,3/31/2020,4/14/2020,1,31.81,1,31.81,0,0,12,381.77,12,381.77
53033032002,4/15/2020,4/29/2020,0,0,0,0,0,0,12,381.77,14,445.4
53033032003,3/31/2020,4/14/2020,3,57.98,3,57.98,0,0,35,676.45,35,676.45
53033032003,4/15/2020,4/29/2020,3,57.98,3,57.98,0,0,42,811.74,43,831.06
53033032005,3/31/2020,4/14/2020,11,158.21,11,158.21,0,0,43,618.48,44,632.86
53033032005,4/15/2020,4/29/2020,1,14.38,1,14.38,0,0,56,805.46,59,848.61
53033032006,3/31/2020,4/14/2020,5,96.65,5,96.65,0,0,38,734.56,38,734.56
53033032006,4/15/2020,4/29/2020,4,77.32,4,77.32,0,0,46,889.2,49,947.19
53033032007,3/31/2020,4/14/2020,0,0,0,0,0,0,22,535.9,22,535.9
53033032007,4/15/2020,4/29/2020,1,24.36,1,24.36,0,0,19,462.82,19,462.82
53033032008,3/31/2020,4/14/2020,3,68.6,3,68.6,0,0,35,800.35,36,823.22
53033032008,4/15/2020,4/29/2020,1,22.87,1,22.87,0,0,26,594.54,27,617.41
53033032010,3/31/2020,4/14/2020,2,32.44,2,32.44,0,0,39,632.48,39,632.48
53033032010,4/15/2020,4/29/2020,1,16.22,1,16.22,0,0,34,551.4,36,583.83
53033032011,3/31/2020,4/14/2020,4,80.19,4,80.19,0,0,30,601.44,30,601.44
53033032011,4/15/2020,4/29/2020,2,40.1,2,40.1,0,0,23,461.1,23,461.1
53033032102,3/31/2020,4/14/2020,2,40.8,2,40.8,0,0,31,632.35,31,632.35
53033032102,4/15/2020,4/29/2020,0,0,0,0,0,0,29,591.55,30,611.95
53033032103,3/31/2020,4/14/2020,4,66.72,4,66.72,0,0,57,950.71,58,967.39
53033032103,4/15/2020,4/29/2020,0,0,0,0,0,0,49,817.27,50,833.95
53033032104,3/31/2020,4/14/2020,19,301.53,19,301.53,0,0,81,1285.48,86,1364.83
53033032104,4/15/2020,4/29/2020,4,63.48,4,63.48,0,0,75,1190.26,81,1285.48
53033032203,3/31/2020,4/14/2020,4,47.94,4,47.94,0,0,54,647.12,55,659.11
53033032203,4/15/2020,4/29/2020,1,11.98,1,11.98,0,0,64,766.96,66,790.93
53033032207,3/31/2020,4/14/2020,0,0,0,0,0,0,26,692.5,27,719.14
53033032207,4/15/2020,4/29/2020,0,0,0,0,0,0,32,852.31,34,905.58
53033032208,3/31/2020,4/14/2020,2,20.84,2,20.84,0,0,78,812.8,79,823.22
53033032208,4/15/2020,4/29/2020,5,52.1,5,52.1,0,0,313,3261.61,335,3490.86
53033032210,3/31/2020,4/14/2020,1,6.58,1,6.58,0,0,87,572.6,89,585.76
53033032210,4/15/2020,4/29/2020,17,111.89,17,111.89,0,0,156,1026.73,168,1105.71
53033032211,3/31/2020,4/14/2020,0,0,0,0,0,0,28,556.03,28,556.03
53033032211,4/15/2020,4/29/2020,0,0,0,0,0,0,29,575.89,31,615.61
53033032212,3/31/2020,4/14/2020,1,11.89,1,11.89,0,0,59,701.35,61,725.13
53033032212,4/15/2020,4/29/2020,0,0,0,0,0,0,50,594.37,51,606.26
53033032213,3/31/2020,4/14/2020,2,42.11,2,42.11,0,0,42,884.39,45,947.56
53033032213,4/15/2020,4/29/2020,0,0,0,0,0,0,34,715.93,40,842.27
53033032214,3/31/2020,4/14/2020,1,13.37,1,13.37,0,0,57,761.83,57,761.83
53033032214,4/15/2020,4/29/2020,0,0,0,0,0,0,47,628.18,48,641.54
53033032215,3/31/2020,4/14/2020,0,0,0,0,0,0,31,547.35,32,565.01
53033032215,4/15/2020,4/29/2020,2,35.31,2,35.31,0,0,12,211.88,14,247.19
53033032307,3/31/2020,4/14/2020,3,44.5,3,44.5,0,0,34,504.34,35,519.17
53033032307,4/15/2020,4/29/2020,0,0,0,0,0,0,29,430.17,31,459.84
53033032309,3/31/2020,4/14/2020,5,45.21,5,45.21,0,0,104,940.44,107,967.56
53033032309,4/15/2020,4/29/2020,0,0,0,0,0,0,93,840.97,96,868.1
53033032311,3/31/2020,4/14/2020,2,32.03,2,32.03,0,0,33,528.55,36,576.6
53033032311,4/15/2020,4/29/2020,0,0,0,0,0,0,26,416.43,27,432.45
53033032313,3/31/2020,4/14/2020,2,31.88,2,31.88,0,0,38,605.72,38,605.72
53033032313,4/15/2020,4/29/2020,1,15.94,1,15.94,0,0,31,494.14,31,494.14
53033032315,3/31/2020,4/14/2020,1,17.78,1,17.78,0,0,22,391.11,23,408.89
53033032315,4/15/2020,4/29/2020,4,71.11,4,71.11,0,0,26,462.23,29,515.56
53033032316,3/31/2020,4/14/2020,0,0,0,0,0,0,36,621.33,38,655.85
53033032316,4/15/2020,4/29/2020,0,0,0,0,0,0,26,448.74,27,466
53033032317,3/31/2020,4/14/2020,0,0,0,0,0,0,30,470.56,31,486.25
53033032317,4/15/2020,4/29/2020,1,15.69,1,15.69,0,0,26,407.82,28,439.19
53033032318,3/31/2020,4/14/2020,0,0,0,0,0,0,41,619.82,42,634.94
53033032318,4/15/2020,4/29/2020,1,15.12,1,15.12,0,0,46,695.41,51,771
53033032319,3/31/2020,4/14/2020,4,69.66,4,69.66,0,0,59,1027.43,63,1097.09
53033032319,4/15/2020,4/29/2020,1,17.41,1,17.41,0,0,39,679.15,39,679.15
53033032320,3/31/2020,4/14/2020,2,43.61,2,43.61,0,0,22,479.66,23,501.47
53033032320,4/15/2020,4/29/2020,0,0,0,0,0,0,32,697.69,36,784.91
53033032321,3/31/2020,4/14/2020,4,54.62,4,54.62,0,0,37,505.23,38,518.88
53033032321,4/15/2020,4/29/2020,0,0,0,0,0,0,49,669.08,49,669.08
53033032322,3/31/2020,4/14/2020,0,0,0,0,0,0,17,483.74,17,483.74
53033032322,4/15/2020,4/29/2020,0,0,0,0,0,0,24,682.93,24,682.93
53033032323,3/31/2020,4/14/2020,4,62.86,4,62.86,0,0,45,707.19,48,754.34
53033032323,4/15/2020,4/29/2020,1,15.72,1,15.72,0,0,53,832.92,54,848.63
53033032324,3/31/2020,4/14/2020,5,89.22,5,89.22,0,0,40,713.73,43,767.26
53033032324,4/15/2020,4/29/2020,0,0,0,0,0,0,31,553.14,35,624.52
53033032325,3/31/2020,4/14/2020,5,80.74,5,80.74,0,0,41,662.04,41,662.04
53033032325,4/15/2020,4/29/2020,0,0,0,0,0,0,45,726.63,46,742.77
53033032326,3/31/2020,4/14/2020,3,77.35,3,77.35,0,0,20,515.65,20,515.65
53033032326,4/15/2020,4/29/2020,2,51.57,2,51.57,0,0,34,876.61,37,953.96
53033032327,3/31/2020,4/14/2020,4,87.29,4,87.29,0,0,31,676.52,33,720.16
53033032327,4/15/2020,4/29/2020,0,0,0,0,0,0,28,611.05,32,698.34
53033032328,3/31/2020,4/14/2020,1,29.51,1,29.51,0,0,21,619.73,22,649.24
53033032328,4/15/2020,4/29/2020,0,0,0,0,0,0,14,413.16,14,413.16
53033032329,3/31/2020,4/14/2020,0,0,0,0,0,0,39,438.22,43,483.16
53033032329,4/15/2020,4/29/2020,0,0,0,0,0,0,36,404.51,41,460.69
53033032401,3/31/2020,4/14/2020,1,14.92,1,14.92,0,0,27,402.95,29,432.79
53033032401,4/15/2020,4/29/2020,3,44.77,3,44.77,0,0,32,477.56,34,507.41
53033032402,3/31/2020,4/14/2020,0,0,0,0,0,0,36,522.3,37,536.81
53033032402,4/15/2020,4/29/2020,4,58.03,4,58.03,0,0,35,507.79,37,536.81
53033032500,3/31/2020,4/14/2020,1,16.48,1,16.48,0,0,34,560.27,35,576.74
53033032500,4/15/2020,4/29/2020,0,0,0,0,0,0,27,444.92,31,510.83
53033032601,3/31/2020,4/14/2020,0,0,0,0,0,0,23,774.31,26,875.3
53033032601,4/15/2020,4/29/2020,0,0,0,0,0,0,21,706.98,21,706.98
53033032602,3/31/2020,4/14/2020,3,21.01,3,21.01,0,0,99,693.46,99,693.46
53033032602,4/15/2020,4/29/2020,1,7,1,7,0,0,87,609.4,97,679.45
53033032702,3/31/2020,4/14/2020,3,43.14,3,43.14,0,0,48,690.26,51,733.41
53033032702,4/15/2020,4/29/2020,0,0,0,0,0,0,52,747.79,53,762.17
53033032703,3/31/2020,4/14/2020,0,0,0,0,0,0,19,980.33,19,980.33
53033032703,4/15/2020,4/29/2020,1,51.6,1,51.6,0,0,19,980.33,21,1083.53
53033032704,3/31/2020,4/14/2020,2,26.25,2,26.25,0,0,68,892.41,69,905.53
53033032704,4/15/2020,4/29/2020,0,0,0,0,0,0,59,774.3,64,839.92
53033032800,3/31/2020,4/14/2020,2,66.69,2,66.69,0,0,19,633.58,21,700.27
53033032800,4/15/2020,4/29/2020,1,33.35,1,33.35,0,0,19,633.58,19,633.58
Other/Unknown,3/31/2020,4/14/2020,59,,59,,0,,369,,389,
