year,month,day,region,iso_country_code,total_visits,total_devices_seen,total_home_visits,total_home_visitors
2020,4,1,ALL,"",41847550,18471749,23153079,15790913
2020,4,1,ALL_CA,CA,702231,536091,702231,536091
2020,4,1,ALL_US,US,41145319,17935936,22450848,15254822
2020,4,1,ab,CA,89966,70298,89966,70298
2020,4,1,ak,US,55405,27505,30611,22964
2020,4,1,al,US,1088283,411108,580908,361134
2020,4,1,ar,US,592370,228105,313041,194595
2020,4,1,as,US,31,25,26,24
2020,4,1,az,US,813118,351858,418420,296930
2020,4,1,bc,CA,82689,64442,82689,64442
2020,4,1,ca,US,3441782,1538081,1765563,1279057
2020,4,1,co,US,616483,284733,329803,233077
2020,4,1,ct,US,335149,160565,192558,131922
2020,4,1,dc,US,35685,20180,0,0
2020,4,1,de,US,107318,50128,59452,40906
2020,4,1,fl,US,3224059,1305259,1649101,1097880
2020,4,1,ga,US,1823779,711774,943669,606582
2020,4,1,gu,US,608,396,442,348
2020,4,1,hi,US,152450,62863,72823,53214
2020,4,1,ia,US,532468,230650,299908,193347
2020,4,1,id,US,187126,84765,103060,70827
2020,4,1,il,US,1597206,736616,890789,610202
2020,4,1,in,US,886898,409269,509761,343311
2020,4,1,ks,US,468897,203533,265838,172352
2020,4,1,ky,US,627561,272409,349855,228685
2020,4,1,la,US,752394,309435,415181,267680
2020,4,1,ma,US,547300,278766,307329,218708
2020,4,1,mb,CA,30239,22119,30239,22119
2020,4,1,md,US,592806,296753,334926,242404
2020,4,1,me,US,115724,52531,67854,45075
2020,4,1,mi,US,1068967,544793,667300,471360
2020,4,1,mn,US,654714,319028,381991,265295
2020,4,1,mo,US,1008063,422782,549259,357859
2020,4,1,mp,US,163,127,163,127
2020,4,1,ms,US,589761,222062,311704,192343
2020,4,1,mt,US,94941,44942,53668,37331
2020,4,1,nb,CA,10349,7948,10349,7948
2020,4,1,nc,US,1425100,608737,804999,528814
2020,4,1,nd,US,100436,47561,57092,38648
2020,4,1,ne,US,342292,138334,182080,113871
2020,4,1,nh,US,135435,66287,79105,54103
2020,4,1,nj,US,938046,471712,561645,398497
2020,4,1,nl,CA,7349,5683,7349,5683
2020,4,1,nm,US,199242,91344,105169,72024
2020,4,1,ns,CA,13849,10791,13849,10791
2020,4,1,nt,CA,612,478,612,478
2020,4,1,nu,CA,219,165,219,165
2020,4,1,nv,US,349249,151053,174387,124849
2020,4,1,ny,US,1761497,882209,985055,707179
2020,4,1,oh,US,1530150,715363,877920,601440
2020,4,1,ok,US,749457,296093,400318,254323
2020,4,1,on,CA,286760,216339,286760,216339
2020,4,1,or,US,417475,192516,214756,155982
2020,4,1,pa,US,1306540,638041,756492,528948
2020,4,1,pe,CA,2039,1587,2039,1587
2020,4,1,pr,US,170135,115109,147061,111107
2020,4,1,qc,CA,153157,116896,153157,116896
2020,4,1,ri,US,91948,45877,51951,36469
2020,4,1,sc,US,844097,332917,456149,286362
2020,4,1,sd,US,121516,52553,67659,43608
2020,4,1,sk,CA,24463,18930,24463,18930
2020,4,1,tn,US,1101068,455645,593456,385656
2020,4,1,tx,US,4534472,1885304,2382085,1602327
2020,4,1,ut,US,371155,161471,194528,133541
2020,4,1,va,US,959013,439110,530712,366819
2020,4,1,vi,US,126,87,0,0
2020,4,1,vt,US,42642,21877,26251,18032
2020,4,1,wa,US,702531,338814,388397,285821
2020,4,1,wi,US,668814,316676,392963,266424
2020,4,1,wv,US,205533,97328,120450,81716
2020,4,1,wy,US,65841,30585,35165,23759
2020,4,1,yt,CA,540,428,540,428
2020,4,2,ALL,"",42835994,18670289,24436797,16056818
2020,4,2,ALL_CA,CA,738204,547056,738204,547056
2020,4,2,ALL_US,US,42097790,18123472,23698593,15509762
2020,4,2,ab,CA,95434,72240,95434,72240
2020,4,2,ak,US,55179,27190,30665,22401
2020,4,2,al,US,1117728,411780,610969,362477
2020,4,2,ar,US,613657,230818,333477,198162
2020,4,2,as,US,44,27,38,26
2020,4,2,az,US,836376,353831,437053,297969
2020,4,2,bc,CA,86765,65895,86765,65895
2020,4,2,ca,US,3452098,1540167,1813977,1283793
2020,4,2,co,US,582203,282451,326765,231883
2020,4,2,ct,US,331127,160574,199914,135303
2020,4,2,dc,US,33347,18771,0,0
2020,4,2,de,US,110629,50696,63129,41737
2020,4,2,fl,US,3277645,1309545,1738636,1114054
2020,4,2,ga,US,1937329,718011,1015540,616584
2020,4,2,gu,US,826,543,657,519
2020,4,2,hi,US,153288,62474,74091,52787
2020,4,2,ia,US,539310,235823,316602,199117
2020,4,2,id,US,188862,84580,107379,70923
2020,4,2,il,US,1644957,748573,941865,619608
2020,4,2,in,US,954512,416025,561436,352954
2020,4,2,ks,US,469610,206522,277257,175945
2020,4,2,ky,US,680374,288551,380629,233713
2020,4,2,la,US,762958,312117,436813,271269
2020,4,2,ma,US,541720,280603,319188,224870
2020,4,2,mb,CA,31150,23035,31150,23035
2020,4,2,md,US,623945,304470,358137,248077
2020,4,2,me,US,101860,52512,66679,46149
2020,4,2,mi,US,1161455,558450,740555,486841
2020,4,2,mn,US,660838,322139,397162,268212
2020,4,2,mo,US,1027052,431515,577821,365400
2020,4,2,mp,US,204,170,204,170
2020,4,2,ms,US,606615,223199,331067,194698
2020,4,2,mt,US,97065,44201,56126,37012
2020,4,2,nb,CA,10835,7915,10835,7915
2020,4,2,nc,US,1513920,618023,871655,540145
2020,4,2,nd,US,94878,46779,57824,38752
2020,4,2,ne,US,322329,139568,183085,115603
2020,4,2,nh,US,131698,65869,80691,55103
2020,4,2,nj,US,949249,476297,585510,406634
2020,4,2,nl,CA,7716,5564,7716,5564
2020,4,2,nm,US,203007,90736,110714,72281
2020,4,2,ns,CA,13955,10637,13955,10637
2020,4,2,nt,CA,644,484,644,484
2020,4,2,nu,CA,262,184,262,184
2020,4,2,nv,US,349215,151411,179580,125010
2020,4,2,ny,US,1767833,890897,1037103,729389
2020,4,2,oh,US,1643549,728340,962638,618732
2020,4,2,ok,US,756331,299712,421643,259483
2020,4,2,on,CA,303148,220869,303148,220869
2020,4,2,or,US,425380,193110,223438,156236
2020,4,2,pa,US,1331411,644122,800540,540661
2020,4,2,pe,CA,2176,1577,2176,1577
2020,4,2,pr,US,171359,114664,148270,110705
2020,4,2,qc,CA,159587,118868,159587,118868
2020,4,2,ri,US,93380,46473,55533,37945
2020,4,2,sc,US,865724,334792,484812,290802
2020,4,2,sd,US,112021,53806,65273,42656
2020,4,2,sk,CA,25897,19293,25897,19293
2020,4,2,tn,US,1154562,458841,636219,391369
2020,4,2,tx,US,4544299,1920872,2497045,1636376
2020,4,2,ut,US,370853,160600,200969,133772
2020,4,2,va,US,1008182,442688,571677,374054
2020,4,2,vi,US,132,77,0,0
2020,4,2,vt,US,41529,21947,27069,18487
2020,4,2,wa,US,710033,342007,399825,285710
2020,4,2,wi,US,691852,318614,417260,270758
2020,4,2,wv,US,219073,98772,130927,83202
2020,4,2,wy,US,63178,29832,35462,23244
2020,4,2,yt,CA,635,495,635,495
2020,4,3,ALL,"",43894502,18521262,24330599,15887527
2020,4,3,ALL_CA,CA,687370,507048,687370,507048
2020,4,3,ALL_US,US,43207132,18014546,23643229,15380479
2020,4,3,ab,CA,88234,66091,88234,66091
2020,4,3,ak,US,56308,27025,30716,22247
2020,4,3,al,US,1212998,411210,621184,359546
2020,4,3,ar,US,611828,229462,323778,195887
2020,4,3,as,US,44,27,34,25
2020,4,3,az,US,894862,356733,446993,298637
2020,4,3,bc,CA,81312,60965,81312,60965
2020,4,3,ca,US,3652410,1563152,1858650,1295037
2020,4,3,co,US,606826,277992,328917,228929
2020,4,3,ct,US,329925,157980,193454,132467
2020,4,3,dc,US,33064,18301,0,0
2020,4,3,de,US,113213,50293,62823,41340
2020,4,3,fl,US,3170377,1291103,1702357,1105631
2020,4,3,ga,US,1886469,705875,1001182,608101
2020,4,3,gu,US,832,505,633,480
2020,4,3,hi,US,163258,63284,75942,53331
2020,4,3,ia,US,527695,230483,302543,194549
2020,4,3,id,US,201955,85568,109945,71143
2020,4,3,il,US,1726426,754973,957382,622738
2020,4,3,in,US,1017331,421191,574119,354955
2020,4,3,ks,US,452051,200769,262521,171288
2020,4,3,ky,US,719808,282427,389146,233058
2020,4,3,la,US,803241,310433,439522,268311
2020,4,3,ma,US,533365,275479,308749,220045
2020,4,3,mb,CA,28389,20674,28389,20674
2020,4,3,md,US,659160,302508,361623,244892
2020,4,3,me,US,108788,52125,68003,45531
2020,4,3,mi,US,1203468,556242,743575,484141
2020,4,3,mn,US,637797,310955,376765,260014
2020,4,3,mo,US,1038584,426135,566552,359866
2020,4,3,mp,US,231,173,231,173
2020,4,3,ms,US,626378,222405,335731,193225
2020,4,3,mt,US,102541,44610,57096,37065
2020,4,3,nb,CA,10458,7436,10458,7436
2020,4,3,nc,US,1621575,617850,887320,536497
2020,4,3,nd,US,101005,45678,57635,37710
2020,4,3,ne,US,321080,134697,175594,111489
2020,4,3,nh,US,135324,65895,80208,54672
2020,4,3,nj,US,943743,465795,565540,395980
2020,4,3,nl,CA,7428,5359,7428,5359
2020,4,3,nm,US,211688,91624,112299,72631
2020,4,3,ns,CA,13525,10040,13525,10040
2020,4,3,nt,CA,591,444,591,444
2020,4,3,nu,CA,249,175,249,175
2020,4,3,nv,US,365398,151361,182901,124860
2020,4,3,ny,US,1719765,865428,987759,705470
2020,4,3,oh,US,1737483,729425,982094,618678
2020,4,3,ok,US,733633,293702,401836,253927
2020,4,3,on,CA,281105,205696,281105,205696
2020,4,3,or,US,446078,194162,227228,156419
2020,4,3,pa,US,1382937,638695,800342,533000
2020,4,3,pe,CA,2171,1511,2171,1511
2020,4,3,pr,US,161577,107191,137825,103334
2020,4,3,qc,CA,149143,110571,149143,110571
2020,4,3,ri,US,92538,45702,53592,36937
2020,4,3,sc,US,915792,333894,489835,287951
2020,4,3,sd,US,118471,52370,64952,41273
2020,4,3,sk,CA,24252,17682,24252,17682
2020,4,3,tn,US,1174776,455760,636091,389286
2020,4,3,tx,US,4682088,1926658,2501107,1635922
2020,4,3,ut,US,393441,159966,205181,132621
2020,4,3,va,US,1056137,438967,575118,369863
2020,4,3,vi,US,142,92,0,0
2020,4,3,vt,US,43770,21952,27385,18268
2020,4,3,wa,US,738422,341740,402741,284281
2020,4,3,wi,US,716384,322065,419519,271593
2020,4,3,wv,US,234844,99183,133088,82381
2020,4,3,wy,US,67808,29249,35873,22784
2020,4,3,yt,CA,513,404,513,404
2020,4,4,ALL,"",39779791,17905482,23404610,15364350
2020,4,4,ALL_CA,CA,669335,491829,669335,491829
2020,4,4,ALL_US,US,39110456,17413866,22735275,14872521
2020,4,4,ab,CA,85987,64810,85987,64810
2020,4,4,ak,US,50391,25473,29603,21007
2020,4,4,al,US,1057461,395300,605672,348024
2020,4,4,ar,US,513977,218102,299771,187424
2020,4,4,as,US,33,22,29,22
2020,4,4,az,US,818934,339143,428517,282337
2020,4,4,bc,CA,79927,59214,79927,59214
2020,4,4,ca,US,3227984,1491575,1765020,1238712
2020,4,4,co,US,596876,273020,331181,221817
2020,4,4,ct,US,341171,156969,203690,130848
2020,4,4,dc,US,24584,14475,0,0
2020,4,4,de,US,104718,48643,60534,40184
2020,4,4,fl,US,2897598,1249630,1639135,1073516
2020,4,4,ga,US,1574355,677358,929104,589238
2020,4,4,gu,US,825,510,649,489
2020,4,4,hi,US,143139,61422,74722,51746
2020,4,4,ia,US,505283,220021,296152,184657
2020,4,4,id,US,179681,82856,105592,68696
2020,4,4,il,US,1525611,716963,889688,597702
2020,4,4,in,US,896005,404482,538100,343655
2020,4,4,ks,US,419924,193197,255777,165833
2020,4,4,ky,US,658570,276043,376273,225464
2020,4,4,la,US,694317,300251,415940,260946
2020,4,4,ma,US,553957,272814,327210,218040
2020,4,4,mb,CA,28360,20755,28360,20755
2020,4,4,md,US,607052,290972,350555,239605
2020,4,4,me,US,108678,51511,71094,44965
2020,4,4,mi,US,1052237,540698,686810,469504
2020,4,4,mn,US,630093,302034,380036,251465
2020,4,4,mo,US,919682,405456,531115,343933
2020,4,4,mp,US,227,174,227,174
2020,4,4,ms,US,486038,212273,304555,186977
2020,4,4,mt,US,92606,43007,54923,35710
2020,4,4,nb,CA,10042,7199,10042,7199
2020,4,4,nc,US,1486035,597550,863820,520827
2020,4,4,nd,US,90306,43724,54768,36249
2020,4,4,ne,US,309259,132348,175115,108732
2020,4,4,nh,US,142805,66251,85032,54034
2020,4,4,nj,US,945348,460776,582800,391709
2020,4,4,nl,CA,7021,5069,7021,5069
2020,4,4,nm,US,187811,86676,103910,67713
2020,4,4,ns,CA,13133,9660,13133,9660
2020,4,4,nt,CA,557,423,557,423
2020,4,4,nu,CA,218,172,218,172
2020,4,4,nv,US,327888,146299,175110,120076
2020,4,4,ny,US,1711569,850431,1013248,692819
2020,4,4,oh,US,1655276,714992,969303,606698
2020,4,4,ok,US,646070,282009,379027,244256
2020,4,4,on,CA,270146,197817,270146,197817
2020,4,4,or,US,391127,184293,215137,148737
2020,4,4,pa,US,1296747,624209,783157,522355
2020,4,4,pe,CA,2014,1438,2014,1438
2020,4,4,pr,US,151980,104175,132282,100730
2020,4,4,qc,CA,148753,107571,148753,107571
2020,4,4,ri,US,95555,45606,55999,36684
2020,4,4,sc,US,834871,322675,474274,279800
2020,4,4,sd,US,107041,48292,63878,40166
2020,4,4,sk,CA,22695,17327,22695,17327
2020,4,4,tn,US,1052261,435992,615618,375702
2020,4,4,tx,US,4015633,1832305,2298820,1560977
2020,4,4,ut,US,349044,155109,195549,126972
2020,4,4,va,US,976990,426829,560662,361337
2020,4,4,vi,US,96,72,0,0
2020,4,4,vt,US,42512,21594,27950,17991
2020,4,4,wa,US,679806,328502,393556,273494
2020,4,4,wi,US,656114,308201,399849,258965
2020,4,4,wv,US,214246,95117,129994,80494
2020,4,4,wy,US,62059,28873,34743,22314
2020,4,4,yt,CA,482,374,482,374
2020,4,5,ALL,"",35482100,17676143,22754072,15418966
2020,4,5,ALL_CA,CA,646623,499333,646623,499333
2020,4,5,ALL_US,US,34835477,17176959,22107449,14919633
2020,4,5,ab,CA,84132,66224,84132,66224
2020,4,5,ak,US,46139,25636,29340,21479
2020,4,5,al,US,821783,385450,548349,349344
2020,4,5,ar,US,469450,212808,300630,187866
2020,4,5,as,US,33,23,26,22
2020,4,5,az,US,710705,330171,409458,281353
2020,4,5,bc,CA,79970,60534,79970,60534
2020,4,5,ca,US,2837539,1494174,1706755,1260655
2020,4,5,co,US,542695,265679,323138,220061
2020,4,5,ct,US,297534,153824,192709,129879
2020,4,5,dc,US,23070,14293,0,0
2020,4,5,de,US,95471,47837,60533,40450
2020,4,5,fl,US,2436143,1227273,1545629,1074742
2020,4,5,ga,US,1413637,668860,903526,590618
2020,4,5,gu,US,727,500,603,480
2020,4,5,hi,US,130586,59896,71986,50944
2020,4,5,ia,US,458165,215576,295455,185583
2020,4,5,id,US,150774,80172,98582,68286
2020,4,5,il,US,1412889,708897,891450,602371
2020,4,5,in,US,788123,390090,516793,340392
2020,4,5,ks,US,382455,189114,252395,165729
2020,4,5,ky,US,584334,269795,362802,225060
2020,4,5,la,US,636692,294012,408009,259986
2020,4,5,ma,US,504524,270285,320260,218880
2020,4,5,mb,CA,28012,21074,28012,21074
2020,4,5,md,US,558100,288240,350727,241988
2020,4,5,me,US,96040,50444,67439,44683
2020,4,5,mi,US,991967,530130,687952,468275
2020,4,5,mn,US,575988,295109,376828,251644
2020,4,5,mo,US,828729,397674,527132,345974
2020,4,5,mp,US,203,151,203,151
2020,4,5,ms,US,443608,208247,298828,186837
2020,4,5,mt,US,82776,42028,52980,35591
2020,4,5,nb,CA,9875,7123,9875,7123
2020,4,5,nc,US,1294926,585431,827268,520795
2020,4,5,nd,US,79751,42497,53256,36372
2020,4,5,ne,US,278585,129788,173783,109740
2020,4,5,nh,US,124858,63803,80920,53634
2020,4,5,nj,US,865834,459930,571903,394188
2020,4,5,nl,CA,6960,5120,6960,5120
2020,4,5,nm,US,168308,84319,101388,68247
2020,4,5,ns,CA,12724,9572,12724,9572
2020,4,5,nt,CA,512,394,512,394
2020,4,5,nu,CA,233,174,233,174
2020,4,5,nv,US,288527,144752,168555,121292
2020,4,5,ny,US,1573690,862843,991795,701904
2020,4,5,oh,US,1361879,687477,885013,597987
2020,4,5,ok,US,593468,277115,378062,245046
2020,4,5,on,CA,263409,199813,263409,199813
2020,4,5,or,US,361614,182808,214655,151104
2020,4,5,pa,US,1191022,616814,776410,525175
2020,4,5,pe,CA,2018,1412,2018,1412
2020,4,5,pr,US,145930,112000,138824,109667
2020,4,5,qc,CA,135332,109678,135332,109678
2020,4,5,ri,US,84541,44167,53572,36336
2020,4,5,sc,US,716718,315240,454091,279815
2020,4,5,sd,US,97634,47223,63287,40279
2020,4,5,sk,CA,22949,17812,22949,17812
2020,4,5,tn,US,934080,426663,596525,376802
2020,4,5,tx,US,3689578,1783350,2279043,1552396
2020,4,5,ut,US,273319,151113,176788,127104
2020,4,5,va,US,886684,423021,554833,364321
2020,4,5,vi,US,86,63,0,0
2020,4,5,vt,US,37190,20948,26143,17764
2020,4,5,wa,US,619061,327985,384910,276880
2020,4,5,wi,US,602452,302196,396706,260224
2020,4,5,wv,US,189422,93568,125341,80861
2020,4,5,wy,US,55441,27934,33861,22377
2020,4,5,yt,CA,497,403,497,403
2020,4,6,ALL,"",39518413,17493600,22990153,15124685
2020,4,6,ALL_CA,CA,677539,495338,677539,495338
2020,4,6,ALL_US,US,38840874,16998471,22312614,14629347
2020,4,6,ab,CA,86755,64484,86755,64484
2020,4,6,ak,US,51568,25010,28725,20715
2020,4,6,al,US,1004602,392191,578237,348456
2020,4,6,ar,US,558418,215550,310814,186226
2020,4,6,as,US,28,17,24,15
2020,4,6,az,US,775400,328568,408813,279365
2020,4,6,bc,CA,80970,60225,80970,60225
2020,4,6,ca,US,3048118,1445879,1657986,1215998
2020,4,6,co,US,580519,259842,319790,216447
2020,4,6,ct,US,322273,150301,193261,126246
2020,4,6,dc,US,28698,15800,0,0
2020,4,6,de,US,105362,47810,60740,39601
2020,4,6,fl,US,2843367,1226290,1592823,1050325
2020,4,6,ga,US,1616536,665270,921124,579883
2020,4,6,gu,US,805,523,619,486
2020,4,6,hi,US,142276,58312,68496,49605
2020,4,6,ia,US,493280,215823,290880,183416
2020,4,6,id,US,181867,79588,102673,66945
2020,4,6,il,US,1518253,708271,888441,594100
2020,4,6,in,US,902090,398119,538709,339374
2020,4,6,ks,US,435875,189520,257510,161990
2020,4,6,ky,US,645777,271748,365308,222872
2020,4,6,la,US,713771,293477,413024,255659
2020,4,6,ma,US,532488,260711,314137,210249
2020,4,6,mb,CA,29221,20384,29221,20384
2020,4,6,md,US,595912,283488,344950,234634
2020,4,6,me,US,107483,49760,68269,43338
2020,4,6,mi,US,1062358,525321,689220,460970
2020,4,6,mn,US,607853,293926,367458,247103
2020,4,6,mo,US,907882,397496,530299,340981
2020,4,6,mp,US,204,156,204,156
2020,4,6,ms,US,528112,211423,309330,186133
2020,4,6,mt,US,95252,41352,53299,34339
2020,4,6,nb,CA,10319,7243,10319,7243
2020,4,6,nc,US,1451786,593148,838551,517349
2020,4,6,nd,US,96406,43049,55521,35264
2020,4,6,ne,US,312653,128679,174807,107168
2020,4,6,nh,US,133358,62554,80746,52081
2020,4,6,nj,US,924824,451668,569455,384499
2020,4,6,nl,CA,7126,5157,7126,5157
2020,4,6,nm,US,188903,83299,103404,67071
2020,4,6,ns,CA,13289,9744,13289,9744
2020,4,6,nt,CA,568,402,568,402
2020,4,6,nu,CA,213,146,213,146
2020,4,6,nv,US,315663,141459,166651,118243
2020,4,6,ny,US,1679732,830109,981264,675903
2020,4,6,oh,US,1566275,698542,928129,593992
2020,4,6,ok,US,704689,277951,395837,241893
2020,4,6,on,CA,273181,199995,273181,199995
2020,4,6,or,US,398179,178843,210670,146686
2020,4,6,pa,US,1277844,608442,774292,512475
2020,4,6,pe,CA,2107,1505,2107,1505
2020,4,6,pr,US,178507,114824,150614,110325
2020,4,6,qc,CA,149720,108229,149720,108229
2020,4,6,ri,US,90942,43472,53747,35208
2020,4,6,sc,US,817593,317421,461793,275804
2020,4,6,sd,US,114839,47441,64901,39489
2020,4,6,sk,CA,23585,17436,23585,17436
2020,4,6,tn,US,1065318,432467,603994,372344
2020,4,6,tx,US,4182640,1768810,2328870,1526171
2020,4,6,ut,US,345055,148351,188504,124536
2020,4,6,va,US,954678,419036,546253,354902
2020,4,6,vi,US,101,71,0,0
2020,4,6,vt,US,40565,20144,26120,16916
2020,4,6,wa,US,677905,314838,382322,267907
2020,4,6,wi,US,640212,302463,389964,256551
2020,4,6,wv,US,212942,94465,126933,79527
2020,4,6,wy,US,62838,27082,34109,21416
2020,4,6,yt,CA,485,388,485,388
2020,4,7,ALL,"",40250308,17825488,23402212,15344444
2020,4,7,ALL_CA,CA,668188,489500,668188,489500
2020,4,7,ALL_US,US,39582120,17336245,22734024,14854944
2020,4,7,ab,CA,84947,63402,84947,63402
2020,4,7,ak,US,51687,25432,29146,21123
2020,4,7,al,US,990286,397499,574366,351844
2020,4,7,ar,US,558847,218862,311493,186999
2020,4,7,as,US,43,25,34,23
2020,4,7,az,US,791139,337642,418994,284831
2020,4,7,bc,CA,79916,59285,79916,59285
2020,4,7,ca,US,3102768,1460877,1690542,1223609
2020,4,7,co,US,588760,264957,324964,219480
2020,4,7,ct,US,324463,151951,195309,127775
2020,4,7,dc,US,28485,16083,0,0
2020,4,7,de,US,104438,48815,60881,40363
2020,4,7,fl,US,2900460,1234822,1607975,1052552
2020,4,7,ga,US,1633978,676434,933160,588551
2020,4,7,gu,US,775,479,589,442
2020,4,7,hi,US,143015,58984,69496,49822
2020,4,7,ia,US,534573,225043,312808,189912
2020,4,7,id,US,186521,80343,104764,67268
2020,4,7,il,US,1628144,742855,949039,619220
2020,4,7,in,US,943006,416317,561941,352700
2020,4,7,ks,US,459851,194390,268543,165127
2020,4,7,ky,US,656501,279989,371024,226809
2020,4,7,la,US,718845,298013,414424,257826
2020,4,7,ma,US,535903,262393,316900,211890
2020,4,7,mb,CA,28734,19926,28734,19926
2020,4,7,md,US,591141,289113,345739,239611
2020,4,7,me,US,109589,50734,69223,43994
2020,4,7,mi,US,1094946,558791,720721,486707
2020,4,7,mn,US,646186,304587,385979,254061
2020,4,7,mo,US,958427,406625,548559,344712
2020,4,7,mp,US,204,156,204,156
2020,4,7,ms,US,519063,215035,305778,187442
2020,4,7,mt,US,96940,41942,54171,34607
2020,4,7,nb,CA,10077,7108,10077,7108
2020,4,7,nc,US,1457632,593932,841137,517765
2020,4,7,nd,US,98506,43545,56814,35680
2020,4,7,ne,US,327593,131814,181540,108964
2020,4,7,nh,US,135011,63559,82120,52882
2020,4,7,nj,US,925618,456511,571671,388638
2020,4,7,nl,CA,7031,5083,7031,5083
2020,4,7,nm,US,186431,84273,103471,67399
2020,4,7,ns,CA,13197,9634,13197,9634
2020,4,7,nt,CA,547,406,547,406
2020,4,7,nu,CA,235,164,235,164
2020,4,7,nv,US,316662,142324,167840,118372
2020,4,7,ny,US,1691386,841015,988729,682383
2020,4,7,oh,US,1569920,728225,948374,618443
2020,4,7,ok,US,720445,281296,400721,243040
2020,4,7,on,CA,270056,198347,270056,198347
2020,4,7,or,US,407223,180498,214837,147072
2020,4,7,pa,US,1285152,625182,782355,524111
2020,4,7,pe,CA,2055,1418,2055,1418
2020,4,7,pr,US,192836,120757,161564,115833
2020,4,7,qc,CA,147277,107297,147277,107297
2020,4,7,ri,US,92705,44305,54448,35738
2020,4,7,sc,US,815186,320761,466720,278283
2020,4,7,sd,US,117236,47796,66416,39793
2020,4,7,sk,CA,23610,17027,23610,17027
2020,4,7,tn,US,1068016,441146,608841,377893
2020,4,7,tx,US,4276026,1783232,2357648,1532189
2020,4,7,ut,US,355074,149662,192982,125091
2020,4,7,va,US,967677,428998,554773,361724
2020,4,7,vi,US,121,91,0,0
2020,4,7,vt,US,41908,20507,26921,17295
2020,4,7,wa,US,677294,318593,384593,269822
2020,4,7,wi,US,681865,314449,410326,264318
2020,4,7,wv,US,211857,96519,127683,80986
2020,4,7,wy,US,63756,27720,34734,21774
2020,4,7,yt,CA,506,403,506,403
2020,4,8,ALL,"",40307558,17627652,23121598,15176506
2020,4,8,ALL_CA,CA,661315,483219,661315,483219
2020,4,8,ALL_US,US,39646243,17144674,22460283,14693287
2020,4,8,ab,CA,85262,62991,85262,62991
2020,4,8,ak,US,51862,24528,28612,20516
2020,4,8,al,US,1010328,398042,574925,350766
2020,4,8,ar,US,577067,219777,314297,187789
2020,4,8,as,US,32,18,27,18
2020,4,8,az,US,790158,332524,411727,281890
2020,4,8,bc,CA,79591,58871,79591,58871
2020,4,8,ca,US,3098221,1426532,1662740,1203607
2020,4,8,co,US,586146,260426,319221,216207
2020,4,8,ct,US,311279,150625,186177,126259
2020,4,8,dc,US,29219,16123,0,0
2020,4,8,de,US,107562,48817,61719,40225
2020,4,8,fl,US,2904158,1225038,1597695,1046354
2020,4,8,ga,US,1659252,678231,930393,586390
2020,4,8,gu,US,793,480,604,445
2020,4,8,hi,US,140938,56411,67371,48410
2020,4,8,ia,US,499525,210805,287340,177248
2020,4,8,id,US,188022,78947,102941,65973
2020,4,8,il,US,1574705,721246,911035,600082
2020,4,8,in,US,962792,423462,567955,356080
2020,4,8,ks,US,464137,193132,266964,164000
2020,4,8,ky,US,659529,278528,377814,232808
2020,4,8,la,US,731105,293916,412783,254421
2020,4,8,ma,US,511983,259446,301886,209699
2020,4,8,mb,CA,28134,19820,28134,19820
2020,4,8,md,US,609974,287626,349579,237140
2020,4,8,me,US,110278,49991,68907,43480
2020,4,8,mi,US,1103712,528454,703889,461275
2020,4,8,mn,US,616707,292123,365204,244894
2020,4,8,mo,US,978924,408431,554625,347127
2020,4,8,mp,US,192,142,192,142
2020,4,8,ms,US,531392,213088,305020,185075
2020,4,8,mt,US,97384,40612,53040,33566
2020,4,8,nb,CA,9977,6931,9977,6931
2020,4,8,nc,US,1496509,604449,854270,523869
2020,4,8,nd,US,94230,42340,54082,34739
2020,4,8,ne,US,318956,128506,175666,106716
2020,4,8,nh,US,132827,62898,79537,52115
2020,4,8,nj,US,910790,454003,560917,386108
2020,4,8,nl,CA,7055,4976,7055,4976
2020,4,8,nm,US,184040,82356,99671,65787
2020,4,8,ns,CA,12821,9318,12821,9318
2020,4,8,nt,CA,550,398,550,398
2020,4,8,nu,CA,221,149,221,149
2020,4,8,nv,US,315537,138385,164235,115620
2020,4,8,ny,US,1635211,826327,951533,670946
2020,4,8,oh,US,1637450,725709,958821,612396
2020,4,8,ok,US,733396,280480,400726,241928
2020,4,8,on,CA,267827,195749,267827,195749
2020,4,8,or,US,411769,176944,212241,144803
2020,4,8,pa,US,1310299,624821,783008,520574
2020,4,8,pe,CA,1980,1343,1980,1343
2020,4,8,pr,US,169182,108748,140355,104013
2020,4,8,qc,CA,144423,105414,144423,105414
2020,4,8,ri,US,87815,43604,51384,35188
2020,4,8,sc,US,784476,317602,453354,275080
2020,4,8,sd,US,109328,46296,61683,38561
2020,4,8,sk,CA,22941,16844,22941,16844
2020,4,8,tn,US,1103434,456612,625611,390370
2020,4,8,tx,US,4328061,1791490,2351950,1531597
2020,4,8,ut,US,358623,147255,191687,123707
2020,4,8,va,US,980266,428817,554105,359652
2020,4,8,vi,US,107,79,0,0
2020,4,8,vt,US,40709,20331,26132,17042
2020,4,8,wa,US,685268,310624,381094,264950
2020,4,8,wi,US,634464,299495,382797,253637
2020,4,8,wv,US,211713,96644,126833,80834
2020,4,8,wy,US,64407,27407,33909,21169
2020,4,8,yt,CA,533,415,533,415
2020,4,9,ALL,"",39509995,17157844,22404355,14823499
2020,4,9,ALL_CA,CA,637570,458280,637570,458280
2020,4,9,ALL_US,US,38872425,16699804,21766785,14365219
2020,4,9,ab,CA,83436,60182,83436,60182
2020,4,9,ak,US,50653,23826,27750,19955
2020,4,9,al,US,1044838,392607,573565,344445
2020,4,9,ar,US,578283,214867,307994,182718
2020,4,9,as,US,51,22,39,21
2020,4,9,az,US,798371,323735,404936,273700
2020,4,9,bc,CA,77412,55943,77412,55943
2020,4,9,ca,US,2987561,1393606,1607746,1181174
2020,4,9,co,US,572343,255618,311720,213373
2020,4,9,ct,US,294573,146531,177710,124139
2020,4,9,dc,US,26555,14686,0,0
2020,4,9,de,US,103175,47740,58864,39371
2020,4,9,fl,US,2918274,1209738,1581874,1033667
2020,4,9,ga,US,1688719,666218,925658,577037
2020,4,9,gu,US,721,452,562,421
2020,4,9,hi,US,140744,55174,66300,47317
2020,4,9,ia,US,476575,202075,271975,171122
2020,4,9,id,US,189678,78487,102964,65469
2020,4,9,il,US,1501036,684336,852598,574806
2020,4,9,in,US,878786,382189,508521,324705
2020,4,9,ks,US,449218,188989,256302,160492
2020,4,9,ky,US,635485,259700,355266,218499
2020,4,9,la,US,763021,298811,421046,258218
2020,4,9,ma,US,479262,252233,287643,206924
2020,4,9,mb,CA,27668,18849,27668,18849
2020,4,9,md,US,585182,281440,336466,234059
2020,4,9,me,US,100629,49017,63319,42493
2020,4,9,mi,US,1020554,507254,648868,446278
2020,4,9,mn,US,592459,283344,346884,238213
2020,4,9,mo,US,949784,392005,528340,334148
2020,4,9,mp,US,172,137,172,137
2020,4,9,ms,US,553226,213864,307726,184152
2020,4,9,mt,US,98797,40650,53459,33579
2020,4,9,nb,CA,9369,6256,9369,6256
2020,4,9,nc,US,1488527,582377,827704,506463
2020,4,9,nd,US,94801,41528,53066,33974
2020,4,9,ne,US,307677,126259,169536,105661
2020,4,9,nh,US,120891,60759,73709,50983
2020,4,9,nj,US,865088,442424,534409,379492
2020,4,9,nl,CA,6413,4188,6413,4188
2020,4,9,nm,US,183038,81206,98785,65067
2020,4,9,ns,CA,11985,8219,11985,8219
2020,4,9,nt,CA,478,342,478,342
2020,4,9,nu,CA,184,119,184,119
2020,4,9,nv,US,312445,135607,161509,114019
2020,4,9,ny,US,1543510,805956,910405,661324
2020,4,9,oh,US,1503061,670830,872365,572650
2020,4,9,ok,US,722619,275408,391164,237165
2020,4,9,on,CA,260082,186917,260082,186917
2020,4,9,or,US,412169,174073,211068,142737
2020,4,9,pa,US,1244301,604565,742907,509316
2020,4,9,pe,CA,1928,1226,1928,1226
2020,4,9,pr,US,166938,108212,140692,103595
2020,4,9,qc,CA,136321,100375,136321,100375
2020,4,9,ri,US,83784,42676,49768,34666
2020,4,9,sc,US,809759,316605,454234,273159
2020,4,9,sd,US,107114,45424,60055,37841
2020,4,9,sk,CA,21845,15305,21845,15305
2020,4,9,tn,US,1095636,429576,596758,366127
2020,4,9,tx,US,4388780,1811461,2374214,1541624
2020,4,9,ut,US,350943,143852,186437,121003
2020,4,9,va,US,966108,415969,539578,351946
2020,4,9,vi,US,99,75,0,0
2020,4,9,vt,US,37670,19585,24216,16618
2020,4,9,wa,US,685670,305325,377647,260837
2020,4,9,wi,US,629133,292255,373940,249025
2020,4,9,wv,US,210452,93668,123062,78542
2020,4,9,wy,US,63487,26812,33290,20753
2020,4,9,yt,CA,449,359,449,359
2020,4,10,ALL,"",40897990,16782608,22376126,14466297
2020,4,10,ALL_CA,CA,583021,443202,583021,443202
2020,4,10,ALL_US,US,40314969,16339612,21793105,14023095
2020,4,10,ab,CA,76616,57820,76616,57820
2020,4,10,ak,US,52548,23213,27870,19504
2020,4,10,al,US,1110061,389440,580712,339045
2020,4,10,ar,US,609237,214897,310675,180693
2020,4,10,as,US,26,16,21,15
2020,4,10,az,US,827180,318377,408134,268882
2020,4,10,bc,CA,74894,54301,74894,54301
2020,4,10,ca,US,3173959,1372101,1645849,1161928
2020,4,10,co,US,606517,253609,317545,210120
2020,4,10,ct,US,318846,143343,184089,120960
2020,4,10,dc,US,26956,14935,0,0
2020,4,10,de,US,103708,45467,57067,37562
2020,4,10,fl,US,3002666,1193310,1585761,1017782
2020,4,10,ga,US,1793360,660375,934134,566186
2020,4,10,gu,US,737,476,571,434
2020,4,10,hi,US,141053,54683,66972,46763
2020,4,10,ia,US,521203,201911,283708,169603
2020,4,10,id,US,199121,77897,104862,64713
2020,4,10,il,US,1585760,673248,871817,565216
2020,4,10,in,US,919625,377947,511766,320140
2020,4,10,ks,US,466716,187534,258615,159107
2020,4,10,ky,US,654478,253500,353743,213271
2020,4,10,la,US,736241,285721,408524,246845
2020,4,10,ma,US,523198,247463,297182,200955
2020,4,10,mb,CA,24309,18186,24309,18186
2020,4,10,md,US,596631,270569,326624,224064
2020,4,10,me,US,103793,45376,61260,39135
2020,4,10,mi,US,1039790,496091,645523,436646
2020,4,10,mn,US,642613,281256,361954,235677
2020,4,10,mo,US,1009991,390058,536427,329182
2020,4,10,mp,US,176,141,176,141
2020,4,10,ms,US,579631,211196,309751,180555
2020,4,10,mt,US,101974,40934,54037,33726
2020,4,10,nb,CA,7715,6057,7715,6057
2020,4,10,nc,US,1501914,567654,818394,492754
2020,4,10,nd,US,99427,40974,54497,33384
2020,4,10,ne,US,328086,126275,172922,104441
2020,4,10,nh,US,135634,60623,77210,49979
2020,4,10,nj,US,879706,429453,527832,368200
2020,4,10,nl,CA,5137,3931,5137,3931
2020,4,10,nm,US,185493,79784,97675,63681
2020,4,10,ns,CA,9871,7773,9871,7773
2020,4,10,nt,CA,429,320,429,320
2020,4,10,nu,CA,184,128,184,128
2020,4,10,nv,US,327843,134374,163440,112190
2020,4,10,ny,US,1581558,784821,905780,642412
2020,4,10,oh,US,1552545,654565,866577,557775
2020,4,10,ok,US,759791,273166,395137,234318
2020,4,10,on,CA,228350,181156,228350,181156
2020,4,10,or,US,427597,171594,212389,140358
2020,4,10,pa,US,1253079,577852,721548,486361
2020,4,10,pe,CA,1610,1219,1610,1219
2020,4,10,pr,US,122116,95090,114937,92910
2020,4,10,qc,CA,133671,97745,133671,97745
2020,4,10,ri,US,92539,41691,51600,33660
2020,4,10,sc,US,847184,312474,456586,267805
2020,4,10,sd,US,115053,44988,62463,37489
2020,4,10,sk,CA,19768,14211,19768,14211
2020,4,10,tn,US,1123628,423838,596154,359950
2020,4,10,tx,US,4485335,1745929,2336978,1484322
2020,4,10,ut,US,365806,140613,186689,117373
2020,4,10,va,US,979973,402378,524639,339063
2020,4,10,vi,US,56,43,0,0
2020,4,10,vt,US,39013,19233,24237,16195
2020,4,10,wa,US,711901,303173,380620,258244
2020,4,10,wi,US,674401,288948,385486,244554
2020,4,10,wv,US,210258,90505,119165,75733
2020,4,10,wy,US,67238,27438,34781,21094
2020,4,10,yt,CA,467,355,467,355
2020,4,11,ALL,"",39325250,16697470,22614959,14492309
2020,4,11,ALL_CA,CA,606035,435274,606035,435274
2020,4,11,ALL_US,US,38719215,16262332,22008924,14057035
2020,4,11,ab,CA,76312,56962,76312,56962
2020,4,11,ak,US,47931,22495,27229,19004
2020,4,11,al,US,1024757,386050,577458,339258
2020,4,11,ar,US,544474,214203,309477,183107
2020,4,11,as,US,32,21,26,18
2020,4,11,az,US,780541,312970,404013,265106
2020,4,11,bc,CA,74770,53616,74770,53616
2020,4,11,ca,US,3099752,1353158,1668966,1149932
2020,4,11,co,US,590820,252159,323828,210894
2020,4,11,ct,US,320663,142147,188619,120646
2020,4,11,dc,US,21285,12078,0,0
2020,4,11,de,US,104569,45299,58634,37731
2020,4,11,fl,US,2870799,1175048,1574561,1010896
2020,4,11,ga,US,1698102,651845,933930,566576
2020,4,11,gu,US,624,422,513,388
2020,4,11,hi,US,130447,53394,66572,46027
2020,4,11,ia,US,480129,200557,279982,170109
2020,4,11,id,US,178391,75882,100732,63823
2020,4,11,il,US,1544923,677213,890942,573306
2020,4,11,in,US,895520,379493,523964,325299
2020,4,11,ks,US,458141,191282,270421,164619
2020,4,11,ky,US,612938,248113,353460,212551
2020,4,11,la,US,716646,288024,413018,250573
2020,4,11,ma,US,524344,242339,305936,199435
2020,4,11,mb,CA,26476,18090,26476,18090
2020,4,11,md,US,598428,267165,335288,223415
2020,4,11,me,US,108459,45848,64415,39335
2020,4,11,mi,US,1032343,499821,672246,443701
2020,4,11,mn,US,634214,282400,375279,239072
2020,4,11,mo,US,932909,386525,532129,331560
2020,4,11,mp,US,163,133,163,133
2020,4,11,ms,US,530893,209641,307918,181975
2020,4,11,mt,US,80764,38983,48197,32619
2020,4,11,nb,CA,8715,6005,8715,6005
2020,4,11,nc,US,1438511,562706,818571,492283
2020,4,11,nd,US,84113,38658,49649,32336
2020,4,11,ne,US,315693,127105,179708,106659
2020,4,11,nh,US,141246,60624,79642,49486
2020,4,11,nj,US,893958,427462,547415,367941
2020,4,11,nl,CA,5862,3907,5862,3907
2020,4,11,nm,US,170691,77925,95993,62891
2020,4,11,ns,CA,10823,7500,10823,7500
2020,4,11,nt,CA,443,329,443,329
2020,4,11,nu,CA,175,119,175,119
2020,4,11,nv,US,313299,131642,164974,110927
2020,4,11,ny,US,1615836,788021,940773,645028
2020,4,11,oh,US,1545154,651529,891857,560565
2020,4,11,ok,US,690595,278691,394024,241213
2020,4,11,on,CA,249824,178300,249824,178300
2020,4,11,or,US,390941,164846,206919,136906
2020,4,11,pa,US,1272759,573559,748019,487137
2020,4,11,pe,CA,1857,1190,1857,1190
2020,4,11,pr,US,133153,99399,124589,96894
2020,4,11,qc,CA,130452,94729,130452,94729
2020,4,11,ri,US,91636,40879,52177,33242
2020,4,11,sc,US,799442,307923,452847,266643
2020,4,11,sd,US,100484,44707,61426,37964
2020,4,11,sk,CA,19886,14183,19886,14183
2020,4,11,tn,US,1071582,422713,605398,364564
2020,4,11,tx,US,4178760,1739024,2327330,1500171
2020,4,11,ut,US,347944,137608,186881,115656
2020,4,11,va,US,956271,395280,533275,337545
2020,4,11,vi,US,68,50,0,0
2020,4,11,vt,US,38346,18743,24678,15881
2020,4,11,wa,US,655008,294251,369289,252615
2020,4,11,wi,US,649243,287404,393275,245594
2020,4,11,wv,US,204185,88634,120976,75322
2020,4,11,wy,US,56296,26285,31323,20464
2020,4,11,yt,CA,440,344,440,344
2020,4,12,ALL,"",28796841,15766494,19859251,14040005
2020,4,12,ALL_CA,CA,551560,427410,551560,427410
2020,4,12,ALL_US,US,28245281,15339170,19307691,13612595
2020,4,12,ab,CA,71550,56027,71550,56027
2020,4,12,ak,US,35870,20605,24207,17970
2020,4,12,al,US,683012,368978,497068,335029
2020,4,12,ar,US,390757,202188,270687,179632
2020,4,12,as,US,28,21,23,17
2020,4,12,az,US,582384,288682,356666,252089
2020,4,12,bc,CA,70780,52431,70780,52431
2020,4,12,ca,US,2342296,1265339,1477329,1103419
2020,4,12,co,US,384698,229747,257629,197579
2020,4,12,ct,US,242192,134319,169617,117609
2020,4,12,dc,US,16846,10124,0,0
2020,4,12,de,US,76138,42487,52739,37022
2020,4,12,fl,US,2041587,1095202,1372495,970758
2020,4,12,ga,US,1165149,629488,814842,566037
2020,4,12,gu,US,581,411,480,378
2020,4,12,hi,US,101252,49877,60276,43753
2020,4,12,ia,US,328573,186838,234666,164789
2020,4,12,id,US,127889,69049,86515,60094
2020,4,12,il,US,1149723,628272,779007,547977
2020,4,12,in,US,643640,349617,453122,310255
2020,4,12,ks,US,298626,171393,213559,152906
2020,4,12,ky,US,441472,233221,308680,207235
2020,4,12,la,US,506449,273173,358210,244179
2020,4,12,ma,US,401600,228163,275777,194167
2020,4,12,mb,CA,23028,17714,23028,17714
2020,4,12,md,US,458983,257325,308777,222006
2020,4,12,me,US,76417,43512,57626,38942
2020,4,12,mi,US,774243,470415,584776,425307
2020,4,12,mn,US,388480,251880,288683,221952
2020,4,12,mo,US,665638,359927,463495,320002
2020,4,12,mp,US,184,137,184,137
2020,4,12,ms,US,351260,197349,259682,178749
2020,4,12,mt,US,63307,35696,43738,30784
2020,4,12,nb,CA,7789,5771,7789,5771
2020,4,12,nc,US,1055583,545301,736857,492216
2020,4,12,nd,US,60623,35948,43713,31369
2020,4,12,ne,US,192364,114074,136922,99960
2020,4,12,nh,US,96570,54658,70029,48052
2020,4,12,nj,US,697351,412329,501811,364070
2020,4,12,nl,CA,5391,3801,5391,3801
2020,4,12,nm,US,133003,72036,85954,59921
2020,4,12,ns,CA,9718,7358,9718,7358
2020,4,12,nt,CA,449,340,449,340
2020,4,12,nu,CA,164,118,164,118
2020,4,12,nv,US,239582,124626,147657,107692
2020,4,12,ny,US,1297872,752959,865884,631305
2020,4,12,oh,US,1104843,609044,784010,542383
2020,4,12,ok,US,497010,254175,335592,226320
2020,4,12,on,CA,221866,175142,221866,175142
2020,4,12,or,US,307167,154176,187845,131600
2020,4,12,pa,US,956712,552709,679237,481520
2020,4,12,pe,CA,1642,1154,1642,1154
2020,4,12,pr,US,125142,96384,117856,94185
2020,4,12,qc,CA,120701,93323,120701,93323
2020,4,12,ri,US,69558,38324,47076,32555
2020,4,12,sc,US,555433,293703,396524,264542
2020,4,12,sd,US,65941,39988,48715,35423
2020,4,12,sk,CA,18022,13863,18022,13863
2020,4,12,tn,US,714409,402427,514334,361310
2020,4,12,tx,US,3169048,1615576,2058609,1429165
2020,4,12,ut,US,228425,127748,155327,111931
2020,4,12,va,US,736910,384047,495654,338217
2020,4,12,vi,US,39,31,0,0
2020,4,12,vt,US,30102,17509,22520,15396
2020,4,12,wa,US,520531,275663,336975,242379
2020,4,12,wi,US,457487,267916,330304,237132
2020,4,12,wv,US,154837,83595,111645,74176
2020,4,12,wy,US,39465,22981,26086,19003
2020,4,12,yt,CA,460,368,460,368
2020,4,13,ALL,"",34746936,15178017,20073341,13373517
2020,4,13,ALL_CA,CA,586028,437327,586028,437327
2020,4,13,ALL_US,US,34160908,14740833,19487313,12936190
2020,4,13,ab,CA,78506,57668,78506,57668
2020,4,13,ak,US,45691,21105,25076,18096
2020,4,13,al,US,957139,351242,529745,312009
2020,4,13,ar,US,515138,189461,277137,163497
2020,4,13,as,US,33,18,23,14
2020,4,13,az,US,702400,284604,365074,247412
2020,4,13,bc,CA,73767,54181,73767,54181
2020,4,13,ca,US,2880561,1260722,1538713,1093514
2020,4,13,co,US,461476,225007,266186,192373
2020,4,13,ct,US,241371,131451,153725,112866
2020,4,13,dc,US,22628,12830,0,0
2020,4,13,de,US,83174,41849,50468,35349
2020,4,13,fl,US,2563070,1043932,1411336,916169
2020,4,13,ga,US,1529789,600703,849989,527224
2020,4,13,gu,US,702,442,520,402
2020,4,13,hi,US,127101,49935,60741,43568
2020,4,13,ia,US,427838,180433,247542,155043
2020,4,13,id,US,166499,68540,91566,58534
2020,4,13,il,US,1305958,600089,762314,516646
2020,4,13,in,US,754159,329979,444794,287397
2020,4,13,ks,US,392093,168258,228246,145486
2020,4,13,ky,US,536200,224211,307800,193544
2020,4,13,la,US,668115,257836,372134,226415
2020,4,13,ma,US,408455,223856,253574,187366
2020,4,13,mb,CA,25906,18086,25906,18086
2020,4,13,md,US,507169,255935,302995,215568
2020,4,13,me,US,90979,43117,56733,37994
2020,4,13,mi,US,869798,441335,566836,396365
2020,4,13,mn,US,510372,242370,306505,209558
2020,4,13,mo,US,833528,348201,471937,302023
2020,4,13,mp,US,179,130,179,130
2020,4,13,ms,US,502302,189987,279370,165650
2020,4,13,mt,US,83909,35429,46585,29888
2020,4,13,nb,CA,8331,5970,8331,5970
2020,4,13,nc,US,1260608,516895,733270,456953
2020,4,13,nd,US,81251,36757,47814,30902
2020,4,13,ne,US,267982,111049,151796,95011
2020,4,13,nh,US,105154,53358,65696,45900
2020,4,13,nj,US,716044,404528,470461,353274
2020,4,13,nl,CA,6101,3920,6101,3920
2020,4,13,nm,US,151520,68783,86264,57322
2020,4,13,ns,CA,10467,7578,10467,7578
2020,4,13,nt,CA,520,373,520,373
2020,4,13,nu,CA,178,128,178,128
2020,4,13,nv,US,292627,122698,152034,105390
2020,4,13,ny,US,1334280,736553,816650,612116
2020,4,13,oh,US,1254598,570194,750659,500568
2020,4,13,ok,US,626819,245429,348010,216422
2020,4,13,on,CA,237458,178491,237458,178491
2020,4,13,or,US,368419,153394,190717,129064
2020,4,13,pa,US,1043063,535190,649151,458887
2020,4,13,pe,CA,1674,1141,1674,1141
2020,4,13,pr,US,153984,94584,127080,89867
2020,4,13,qc,CA,122754,95090,122754,95090
2020,4,13,ri,US,68620,37412,42774,31183
2020,4,13,sc,US,724294,283156,412829,247503
2020,4,13,sd,US,91462,40002,53895,34232
2020,4,13,sk,CA,19933,14357,19933,14357
2020,4,13,tn,US,960874,377906,529418,327680
2020,4,13,tx,US,3897849,1552591,2103607,1356582
2020,4,13,ut,US,313361,129514,170210,111497
2020,4,13,va,US,829558,374723,482607,322668
2020,4,13,vi,US,85,61,0,0
2020,4,13,vt,US,33992,17725,22125,15170
2020,4,13,wa,US,621269,273359,344958,238431
2020,4,13,wi,US,541719,252429,329477,220547
2020,4,13,wv,US,181397,82320,109132,70297
2020,4,13,wy,US,52253,22934,28836,18624
2020,4,13,yt,CA,433,344,433,344
2020,4,14,ALL,"",37077933,15647680,20760309,13539270
2020,4,14,ALL_CA,CA,607690,437623,607690,437623
2020,4,14,ALL_US,US,36470243,15210263,20152619,13101647
2020,4,14,ab,CA,78062,56990,78062,56990
2020,4,14,ak,US,48726,21804,25894,18281
2020,4,14,al,US,984898,358895,532444,315271
2020,4,14,ar,US,523822,194674,278831,166256
2020,4,14,as,US,35,21,29,20
2020,4,14,az,US,733636,289731,368363,246735
2020,4,14,bc,CA,73839,53646,73839,53646
2020,4,14,ca,US,3073956,1319584,1584116,1109962
2020,4,14,co,US,519129,234512,280836,194802
2020,4,14,ct,US,307832,138021,178367,115035
2020,4,14,dc,US,27224,15026,0,0
2020,4,14,de,US,96686,42529,54593,35375
2020,4,14,fl,US,2641607,1073232,1434565,930529
2020,4,14,ga,US,1619973,617027,866453,531857
2020,4,14,gu,US,709,449,532,411
2020,4,14,hi,US,130168,51446,61445,44096
2020,4,14,ia,US,444988,188499,252417,157740
2020,4,14,id,US,170500,71012,92346,59328
2020,4,14,il,US,1365860,623170,780233,525798
2020,4,14,in,US,803819,349470,459066,291861
2020,4,14,ks,US,409128,172456,234076,147296
2020,4,14,ky,US,564296,232797,316262,196769
2020,4,14,la,US,687695,264610,377162,229765
2020,4,14,ma,US,500413,236885,288897,191393
2020,4,14,mb,CA,26267,17976,26267,17976
2020,4,14,md,US,558882,260860,316957,215940
2020,4,14,me,US,103307,44076,62289,38389
2020,4,14,mi,US,924246,453789,586918,400791
2020,4,14,mn,US,533564,254578,311961,212700
2020,4,14,mo,US,876999,360088,484826,306317
2020,4,14,mp,US,181,139,181,139
2020,4,14,ms,US,516797,193728,283056,168035
2020,4,14,mt,US,87013,36725,47425,30398
2020,4,14,nb,CA,8993,6006,8993,6006
2020,4,14,nc,US,1374650,524696,760064,457289
2020,4,14,nd,US,86015,37695,49367,31390
2020,4,14,ne,US,283121,116880,156311,97371
2020,4,14,nh,US,123251,55697,73140,46521
2020,4,14,nj,US,869047,417819,527886,357957
2020,4,14,nl,CA,5792,3963,5792,3963
2020,4,14,nm,US,164502,71190,88134,57232
2020,4,14,ns,CA,11232,7711,11232,7711
2020,4,14,nt,CA,499,353,499,353
2020,4,14,nu,CA,168,126,168,126
2020,4,14,nv,US,303385,127212,154307,106650
2020,4,14,ny,US,1598270,772616,906525,623137
2020,4,14,oh,US,1356372,593267,785542,509723
2020,4,14,ok,US,638464,250215,349226,216821
2020,4,14,on,CA,247386,180175,247386,180175
2020,4,14,or,US,384365,159712,194642,131080
2020,4,14,pa,US,1171551,550117,693890,463373
2020,4,14,pe,CA,1793,1189,1793,1189
2020,4,14,pr,US,153580,97956,127342,93356
2020,4,14,qc,CA,132557,94893,132557,94893
2020,4,14,ri,US,86774,39238,49286,31782
2020,4,14,sc,US,775797,285522,421484,247205
2020,4,14,sd,US,96972,40712,55308,34391
2020,4,14,sk,CA,20636,14246,20636,14246
2020,4,14,tn,US,1000079,390213,540974,333252
2020,4,14,tx,US,3995095,1589464,2116219,1365935
2020,4,14,ut,US,342759,140418,180627,117948
2020,4,14,va,US,909560,383928,505734,325395
2020,4,14,vi,US,111,76,0,0
2020,4,14,vt,US,37436,18133,23614,15216
2020,4,14,wa,US,644869,283695,350276,241611
2020,4,14,wi,US,570111,262472,339902,225278
2020,4,14,wv,US,192270,84586,112196,71123
2020,4,14,wy,US,55748,24437,30083,19322
2020,4,14,yt,CA,466,349,466,349
2020,4,15,ALL,"",38178628,15424091,20805907,13418300
2020,4,15,ALL_CA,CA,598863,429706,598863,429706
2020,4,15,ALL_US,US,37579765,14994594,20207044,12988594
2020,4,15,ab,CA,76839,56122,76839,56122
2020,4,15,ak,US,48603,21238,24964,17821
2020,4,15,al,US,1039506,357683,537457,313264
2020,4,15,ar,US,566555,194282,285207,165069
2020,4,15,as,US,38,26,31,22
2020,4,15,az,US,762242,285951,371286,244856
2020,4,15,bc,CA,73709,52842,73709,52842
2020,4,15,ca,US,3124971,1293995,1582275,1098721
2020,4,15,co,US,550090,236154,290528,197051
2020,4,15,ct,US,304061,134756,175081,113725
2020,4,15,dc,US,26675,14262,0,0
2020,4,15,de,US,96583,41636,53326,34561
2020,4,15,fl,US,2716566,1069944,1444951,927898
2020,4,15,ga,US,1667754,607466,865575,526445
2020,4,15,gu,US,659,430,498,393
2020,4,15,hi,US,135582,50307,61939,43280
2020,4,15,ia,US,460913,186519,255858,157839
2020,4,15,id,US,175780,70364,92505,59167
2020,4,15,il,US,1385703,614286,778584,522795
2020,4,15,in,US,820806,346393,457171,290297
2020,4,15,ks,US,437021,173499,241955,147804
2020,4,15,ky,US,600036,230391,323561,195322
2020,4,15,la,US,726093,262479,382013,227268
2020,4,15,ma,US,485903,229706,279592,188495
2020,4,15,mb,CA,26296,17732,26296,17732
2020,4,15,md,US,560475,252160,310603,210546
2020,4,15,me,US,103199,43522,61261,38016
2020,4,15,mi,US,940421,444833,583189,396095
2020,4,15,mn,US,553316,248923,315967,210440
2020,4,15,mo,US,931691,356894,493475,304337
2020,4,15,mp,US,176,132,176,132
2020,4,15,ms,US,548582,193174,286472,166575
2020,4,15,mt,US,88704,36137,47004,29939
2020,4,15,nb,CA,8752,5869,8752,5869
2020,4,15,nc,US,1388430,516095,745742,450904
2020,4,15,nd,US,90342,37278,49479,30831
2020,4,15,ne,US,303567,119568,163821,100020
2020,4,15,nh,US,124019,54529,72301,45883
2020,4,15,nj,US,859208,409029,516952,352253
2020,4,15,nl,CA,5908,3843,5908,3843
2020,4,15,nm,US,172772,70371,89177,56814
2020,4,15,ns,CA,10734,7550,10734,7550
2020,4,15,nt,CA,501,346,501,346
2020,4,15,nu,CA,204,144,204,144
2020,4,15,nv,US,318004,125349,156278,105809
2020,4,15,ny,US,1573289,755047,885907,614640
2020,4,15,oh,US,1396000,585251,789735,506499
2020,4,15,ok,US,708122,248464,363364,214904
2020,4,15,on,CA,242070,176380,242070,176380
2020,4,15,or,US,392266,157852,193026,130176
2020,4,15,pa,US,1194425,536915,692444,456451
2020,4,15,pe,CA,1801,1155,1801,1155
2020,4,15,pr,US,168304,103056,138007,97739
2020,4,15,qc,CA,131188,93405,131188,93405
2020,4,15,ri,US,84422,38391,47752,31391
2020,4,15,sc,US,789354,285615,418833,246439
2020,4,15,sd,US,100312,40611,55860,34412
2020,4,15,sk,CA,20404,13981,20404,13981
2020,4,15,tn,US,1063339,386391,549883,329760
2020,4,15,tx,US,4197747,1567243,2147239,1355204
2020,4,15,ut,US,336974,135750,175843,114425
2020,4,15,va,US,912166,375129,493625,318724
2020,4,15,vi,US,97,72,0,0
2020,4,15,vt,US,38074,17848,23593,15062
2020,4,15,wa,US,659220,278676,349496,239936
2020,4,15,wi,US,589183,257879,342392,222465
2020,4,15,wv,US,203454,83931,113578,70479
2020,4,15,wy,US,57971,24556,30213,19201
2020,4,15,yt,CA,457,337,457,337
2020,4,16,ALL,"",38006120,15350464,20660825,13307057
2020,4,16,ALL_CA,CA,597312,425355,597312,425355
2020,4,16,ALL_US,US,37408808,14925323,20063513,12881702
2020,4,16,ab,CA,78702,55788,78702,55788
2020,4,16,ak,US,48680,21355,25217,17912
2020,4,16,al,US,1036235,356633,533663,311108
2020,4,16,ar,US,569760,194562,286229,164609
2020,4,16,as,US,32,19,29,18
2020,4,16,az,US,756447,285466,367657,242845
2020,4,16,bc,CA,73523,52402,73523,52402
2020,4,16,ca,US,3090318,1288526,1564095,1088033
2020,4,16,co,US,473104,228432,264692,191546
2020,4,16,ct,US,296962,133014,171523,112292
2020,4,16,dc,US,25871,14122,0,0
2020,4,16,de,US,95879,41490,52776,34217
2020,4,16,fl,US,2685947,1060525,1422658,916803
2020,4,16,ga,US,1668326,603635,859074,521295
2020,4,16,gu,US,711,456,535,408
2020,4,16,hi,US,135595,50334,61429,43016
2020,4,16,ia,US,459763,187736,255991,158215
2020,4,16,id,US,178494,69731,92745,58207
2020,4,16,il,US,1436855,621936,797366,525959
2020,4,16,in,US,842868,349019,465548,291294
2020,4,16,ks,US,424256,178243,240025,151756
2020,4,16,ky,US,600584,230107,323510,194447
2020,4,16,la,US,722716,261555,379115,225645
2020,4,16,ma,US,476502,227006,273674,185478
2020,4,16,mb,CA,26179,17572,26179,17572
2020,4,16,md,US,560646,252159,309811,209744
2020,4,16,me,US,102146,43297,60858,37793
2020,4,16,mi,US,952902,444014,588100,394016
2020,4,16,mn,US,557731,245217,317571,209110
2020,4,16,mo,US,917183,357799,490704,304951
2020,4,16,mp,US,175,138,175,138
2020,4,16,ms,US,546245,193084,286284,165868
2020,4,16,mt,US,92336,36172,48009,29681
2020,4,16,nb,CA,8700,5808,8700,5808
2020,4,16,nc,US,1404897,512062,745591,445627
2020,4,16,nd,US,90496,37166,49581,30755
2020,4,16,ne,US,268174,116240,150989,97588
2020,4,16,nh,US,121081,54291,70623,45525
2020,4,16,nj,US,848182,404694,507849,347589
2020,4,16,nl,CA,5807,3836,5807,3836
2020,4,16,nm,US,170393,69898,88223,56438
2020,4,16,ns,CA,10792,7431,10792,7431
2020,4,16,nt,CA,482,345,482,345
2020,4,16,nu,CA,185,133,185,133
2020,4,16,nv,US,314899,124777,154619,104879
2020,4,16,ny,US,1545294,747468,868902,605731
2020,4,16,oh,US,1405717,580488,788244,501004
2020,4,16,ok,US,708948,250082,363706,215116
2020,4,16,on,CA,239708,174243,239708,174243
2020,4,16,or,US,396420,157043,193124,128516
2020,4,16,pa,US,1162672,530410,673224,449603
2020,4,16,pe,CA,1723,1115,1723,1115
2020,4,16,pr,US,153139,96521,125526,91464
2020,4,16,qc,CA,130741,92359,130741,92359
2020,4,16,ri,US,83789,37933,47129,30758
2020,4,16,sc,US,793991,282049,415113,242490
2020,4,16,sd,US,100404,40457,55231,34069
2020,4,16,sk,CA,20328,13997,20328,13997
2020,4,16,tn,US,1062778,384489,547623,327155
2020,4,16,tx,US,4196565,1568153,2145652,1349550
2020,4,16,ut,US,346616,138220,179413,115032
2020,4,16,va,US,925721,372556,496368,315318
2020,4,16,vi,US,136,97,0,0
2020,4,16,vt,US,37343,17762,23075,14977
2020,4,16,wa,US,664386,277481,349851,237370
2020,4,16,wi,US,596096,256894,343544,220616
2020,4,16,wv,US,200655,83109,112389,69742
2020,4,16,wy,US,54747,23382,28861,18386
2020,4,16,yt,CA,442,326,442,326
2020,4,17,ALL,"",39510079,15400026,20803449,13227028
2020,4,17,ALL_CA,CA,598162,419813,598162,419813
2020,4,17,ALL_US,US,38911917,14980466,20205287,12807215
2020,4,17,ab,CA,77713,54950,77713,54950
2020,4,17,ak,US,51445,21207,25790,17656
2020,4,17,al,US,1099035,360053,542243,308909
2020,4,17,ar,US,578348,196757,284326,164233
2020,4,17,as,US,29,17,22,15
2020,4,17,az,US,793666,286652,371858,241219
2020,4,17,bc,CA,72638,51670,72638,51670
2020,4,17,ca,US,3200627,1292405,1580711,1083795
2020,4,17,co,US,557884,229443,282873,190233
2020,4,17,ct,US,315087,135311,176238,113141
2020,4,17,dc,US,28144,15206,0,0
2020,4,17,de,US,101353,42068,53749,34175
2020,4,17,fl,US,2860287,1061769,1452538,909991
2020,4,17,ga,US,1768681,607359,871454,517801
2020,4,17,gu,US,733,447,531,399
2020,4,17,hi,US,142367,50459,62547,42872
2020,4,17,ia,US,477445,184004,252869,153724
2020,4,17,id,US,188474,70008,93562,57565
2020,4,17,il,US,1411146,610042,766220,512410
2020,4,17,in,US,829468,345068,449091,285506
2020,4,17,ks,US,428870,169419,230514,143169
2020,4,17,ky,US,618432,232547,324814,194480
2020,4,17,la,US,752186,265526,384666,226269
2020,4,17,ma,US,512352,232143,284981,187489
2020,4,17,mb,CA,26742,17398,26742,17398
2020,4,17,md,US,592111,254005,314994,208941
2020,4,17,me,US,109745,43825,62655,37912
2020,4,17,mi,US,953443,445439,580330,392038
2020,4,17,mn,US,592312,245165,322243,206262
2020,4,17,mo,US,927643,354747,478406,298679
2020,4,17,mp,US,169,129,169,129
2020,4,17,ms,US,576940,196004,291290,165940
2020,4,17,mt,US,96230,36419,47723,29567
2020,4,17,nb,CA,8685,5685,8685,5685
2020,4,17,nc,US,1492690,518613,762619,446227
2020,4,17,nd,US,94642,37115,49739,30302
2020,4,17,ne,US,298627,113229,153301,93684
2020,4,17,nh,US,130886,55504,73113,45616
2020,4,17,nj,US,885091,409932,517562,349225
2020,4,17,nl,CA,5767,3707,5767,3707
2020,4,17,nm,US,176477,69893,87838,55602
2020,4,17,ns,CA,10693,7253,10693,7253
2020,4,17,nt,CA,485,322,485,322
2020,4,17,nu,CA,192,124,192,124
2020,4,17,nv,US,326507,125807,156747,104846
2020,4,17,ny,US,1611922,756778,886923,608156
2020,4,17,oh,US,1393775,580285,770781,496873
2020,4,17,ok,US,703332,248454,352374,211018
2020,4,17,on,CA,241315,172307,241315,172307
2020,4,17,or,US,415527,158054,197190,128126
2020,4,17,pa,US,1212678,535450,683262,449731
2020,4,17,pe,CA,1750,1131,1750,1131
2020,4,17,pr,US,151299,96330,125827,91379
2020,4,17,qc,CA,131209,91156,131209,91156
2020,4,17,ri,US,89542,38858,48800,31106
2020,4,17,sc,US,836188,284239,420709,241092
2020,4,17,sd,US,107887,40646,56602,33751
2020,4,17,sk,CA,20501,13773,20501,13773
2020,4,17,tn,US,1130687,393471,563100,330850
2020,4,17,tx,US,4327933,1587437,2156055,1349788
2020,4,17,ut,US,362554,135857,178187,112320
2020,4,17,va,US,975340,376020,505675,315165
2020,4,17,vi,US,105,78,0,0
2020,4,17,vt,US,39149,18052,23745,15108
2020,4,17,wa,US,688689,278677,353743,236202
2020,4,17,wi,US,626984,257250,348340,218623
2020,4,17,wv,US,208931,84217,114151,69668
2020,4,17,wy,US,59823,23634,29497,18238
2020,4,17,yt,CA,472,337,472,337
2020,4,18,ALL,"",37102970,15122482,20405961,13003239
2020,4,18,ALL_CA,CA,591230,416700,591230,416700
2020,4,18,ALL_US,US,36511740,14705930,19814731,12586539
2020,4,18,ab,CA,75578,54214,75578,54214
2020,4,18,ak,US,46696,20610,25208,17206
2020,4,18,al,US,997441,354654,525418,305563
2020,4,18,ar,US,543944,192934,280690,161518
2020,4,18,as,US,41,24,37,23
2020,4,18,az,US,752987,279194,365042,234286
2020,4,18,bc,CA,73064,51305,73064,51305
2020,4,18,ca,US,2959423,1254838,1543799,1056084
2020,4,18,co,US,535924,226600,284535,187674
2020,4,18,ct,US,273060,130367,160982,109820
2020,4,18,dc,US,21334,12476,0,0
2020,4,18,de,US,91830,40555,50675,33547
2020,4,18,fl,US,2604067,1046311,1395584,897610
2020,4,18,ga,US,1661523,601483,860708,514252
2020,4,18,gu,US,724,447,542,394
2020,4,18,hi,US,127470,49725,62352,42194
2020,4,18,ia,US,471491,182076,257628,151915
2020,4,18,id,US,173664,67707,91555,56172
2020,4,18,il,US,1460750,602133,802037,506337
2020,4,18,in,US,851898,340449,463769,281487
2020,4,18,ks,US,426865,167332,237328,142717
2020,4,18,ky,US,584611,224675,318016,188701
2020,4,18,la,US,670426,264212,372180,226048
2020,4,18,ma,US,425801,220265,253071,180169
2020,4,18,mb,CA,25100,17212,25100,17212
2020,4,18,md,US,544430,247358,301913,205450
2020,4,18,me,US,97289,42375,59211,37005
2020,4,18,mi,US,959738,441997,600178,389748
2020,4,18,mn,US,579270,243333,327043,204395
2020,4,18,mo,US,924936,347828,489623,292980
2020,4,18,mp,US,156,123,156,123
2020,4,18,ms,US,517833,193274,281234,164450
2020,4,18,mt,US,83372,35448,45043,28833
2020,4,18,nb,CA,8369,5522,8369,5522
2020,4,18,nc,US,1368452,510935,738842,441789
2020,4,18,nd,US,83780,36220,47562,29879
2020,4,18,ne,US,300123,112129,158581,92834
2020,4,18,nh,US,117054,53907,67292,44440
2020,4,18,nj,US,810020,400114,490001,341835
2020,4,18,nl,CA,5648,3684,5648,3684
2020,4,18,nm,US,159796,68240,84093,54082
2020,4,18,ns,CA,10192,7082,10192,7082
2020,4,18,nt,CA,421,304,421,304
2020,4,18,nu,CA,178,116,178,116
2020,4,18,nv,US,301606,122637,152746,102050
2020,4,18,ny,US,1459299,734112,839061,592451
2020,4,18,oh,US,1428011,569655,790500,487871
2020,4,18,ok,US,675596,244640,351781,207471
2020,4,18,on,CA,239862,171613,239862,171613
2020,4,18,or,US,357357,152962,184932,125351
2020,4,18,pa,US,1147332,521857,661304,439820
2020,4,18,pe,CA,1713,1094,1713,1094
2020,4,18,pr,US,150843,98208,127946,93732
2020,4,18,qc,CA,131423,90822,131423,90822
2020,4,18,ri,US,74891,37146,43757,30151
2020,4,18,sc,US,776246,281525,411949,239202
2020,4,18,sd,US,100784,39754,56437,33223
2020,4,18,sk,CA,19256,13406,19256,13406
2020,4,18,tn,US,1031681,379694,538478,321457
2020,4,18,tx,US,4046556,1558010,2108903,1325398
2020,4,18,ut,US,347388,131723,177400,108918
2020,4,18,va,US,883820,367108,481076,309932
2020,4,18,vi,US,76,60,0,0
2020,4,18,vt,US,36485,17440,23198,14702
2020,4,18,wa,US,611064,270972,334793,230681
2020,4,18,wi,US,610366,256099,352342,216689
2020,4,18,wv,US,188563,81608,107561,68071
2020,4,18,wy,US,55557,23170,28639,17809
2020,4,18,yt,CA,426,326,426,326
2020,4,19,ALL,"",33260273,15296049,20156513,13323411
2020,4,19,ALL_CA,CA,583880,439191,583880,439191
2020,4,19,ALL_US,US,32676393,14856954,19572633,12884220
2020,4,19,ab,CA,79798,57678,79798,57678
2020,4,19,ak,US,41569,20942,24812,17667
2020,4,19,al,US,766534,357277,487608,317154
2020,4,19,ar,US,427401,191511,262234,166411
2020,4,19,as,US,27,18,26,18
2020,4,19,az,US,662994,278487,354010,237782
2020,4,19,bc,CA,74652,54342,74652,54342
2020,4,19,ca,US,2720627,1256826,1518061,1066678
2020,4,19,co,US,496049,228920,280411,190142
2020,4,19,ct,US,287390,133023,176079,112364
2020,4,19,dc,US,19225,11665,0,0
2020,4,19,de,US,87513,40838,52723,34460
2020,4,19,fl,US,2382005,1038560,1381629,905666
2020,4,19,ga,US,1284999,609736,793567,533612
2020,4,19,gu,US,616,427,491,389
2020,4,19,hi,US,115028,49731,60447,42380
2020,4,19,ia,US,426998,186210,260517,159594
2020,4,19,id,US,148991,67845,87804,57437
2020,4,19,il,US,1331191,606773,797136,516918
2020,4,19,in,US,753858,341557,454845,288018
2020,4,19,ks,US,381968,168157,233988,146299
2020,4,19,ky,US,511085,224609,310352,193119
2020,4,19,la,US,576749,265318,358971,231631
2020,4,19,ma,US,469867,227803,285516,185958
2020,4,19,mb,CA,25329,18185,25329,18185
2020,4,19,md,US,510412,249773,307924,209519
2020,4,19,me,US,96587,43147,61973,37748
2020,4,19,mi,US,883675,446560,590543,396266
2020,4,19,mn,US,532367,248768,326919,212372
2020,4,19,mo,US,815860,348869,481035,300462
2020,4,19,mp,US,162,132,162,132
2020,4,19,ms,US,398387,191996,260045,169551
2020,4,19,mt,US,76954,35628,45115,29603
2020,4,19,nb,CA,8432,5844,8432,5844
2020,4,19,nc,US,1202162,515485,727846,455468
2020,4,19,nd,US,76097,36519,47704,30965
2020,4,19,ne,US,266708,113974,157597,96597
2020,4,19,nh,US,121095,55225,73772,45723
2020,4,19,nj,US,809569,407149,520432,350397
2020,4,19,nl,CA,5005,3740,5005,3740
2020,4,19,nm,US,145758,67669,82829,54964
2020,4,19,ns,CA,10330,7641,10330,7641
2020,4,19,nt,CA,442,322,442,322
2020,4,19,nu,CA,188,129,188,129
2020,4,19,nv,US,273423,122458,148827,103010
2020,4,19,ny,US,1465791,750324,881691,607005
2020,4,19,oh,US,1277247,576800,781945,501524
2020,4,19,ok,US,574370,244164,338478,212486
2020,4,19,on,CA,237032,180239,237032,180239
2020,4,19,or,US,340678,152750,186260,126906
2020,4,19,pa,US,1097168,531591,684894,452064
2020,4,19,pe,CA,1706,1156,1706,1156
2020,4,19,pr,US,134006,99251,124994,96508
2020,4,19,qc,CA,120165,95080,120165,95080
2020,4,19,ri,US,81744,38163,48197,30883
2020,4,19,sc,US,645672,285622,397991,250332
2020,4,19,sd,US,86834,40474,54570,34561
2020,4,19,sk,CA,20341,14494,20341,14494
2020,4,19,tn,US,864338,381111,519914,332103
2020,4,19,tx,US,3524510,1569866,2042585,1356512
2020,4,19,ut,US,257117,129716,158321,110195
2020,4,19,va,US,829023,369968,491500,316880
2020,4,19,vi,US,58,43,0,0
2020,4,19,vt,US,35342,17812,23667,15160
2020,4,19,wa,US,577564,272327,336953,234182
2020,4,19,wi,US,555502,258294,348215,222511
2020,4,19,wv,US,179859,82487,110816,69495
2020,4,19,wy,US,47670,23280,27692,18439
2020,4,19,yt,CA,460,341,460,341
2020,4,20,ALL,"",38370127,16085513,21235617,13832493
2020,4,20,ALL_CA,CA,624737,441544,624737,441544
2020,4,20,ALL_US,US,37745390,15644129,20610880,13390949
2020,4,20,ab,CA,82634,58083,82634,58083
2020,4,20,ak,US,50913,22878,26642,18856
2020,4,20,al,US,1033974,370880,544003,321255
2020,4,20,ar,US,569506,204593,295157,172821
2020,4,20,as,US,25,17,21,15
2020,4,20,az,US,756385,302297,374879,254177
2020,4,20,bc,CA,75539,54753,75539,54753
2020,4,20,ca,US,3087628,1342850,1582304,1122036
2020,4,20,co,US,559980,240665,293117,198976
2020,4,20,ct,US,293819,137684,172931,115493
2020,4,20,dc,US,26765,14650,0,0
2020,4,20,de,US,95053,43373,54003,35968
2020,4,20,fl,US,2708844,1133937,1471190,970135
2020,4,20,ga,US,1630140,626112,864380,537879
2020,4,20,gu,US,691,435,502,391
2020,4,20,hi,US,136772,52818,62678,44618
2020,4,20,ia,US,476021,195686,266831,164288
2020,4,20,id,US,183927,73581,95885,60943
2020,4,20,il,US,1480279,649528,829856,545353
2020,4,20,in,US,874805,358658,493018,304715
2020,4,20,ks,US,437026,178830,244080,151126
2020,4,20,ky,US,613652,240841,336764,202736
2020,4,20,la,US,720992,274076,386305,234435
2020,4,20,ma,US,473250,233461,278197,190323
2020,4,20,mb,CA,26604,18145,26604,18145
2020,4,20,md,US,556243,259384,313718,214548
2020,4,20,me,US,102675,44555,62077,38638
2020,4,20,mi,US,1016925,478473,634768,420650
2020,4,20,mn,US,575296,270361,332198,224832
2020,4,20,mo,US,934390,371962,505582,314283
2020,4,20,mp,US,184,134,184,134
2020,4,20,ms,US,548449,200235,290999,170684
2020,4,20,mt,US,94672,38271,49001,31196
2020,4,20,nb,CA,8779,5866,8779,5866
2020,4,20,nc,US,1327069,537832,741124,468561
2020,4,20,nd,US,91296,39526,50940,32379
2020,4,20,ne,US,301689,118147,162019,98505
2020,4,20,nh,US,123612,56398,72401,46835
2020,4,20,nj,US,849639,418337,516063,357162
2020,4,20,nl,CA,5933,3963,5933,3963
2020,4,20,nm,US,171251,74344,91069,60099
2020,4,20,ns,CA,10902,7548,10902,7548
2020,4,20,nt,CA,500,343,500,343
2020,4,20,nu,CA,195,132,195,132
2020,4,20,nv,US,309162,130269,155604,108166
2020,4,20,ny,US,1586983,774256,894425,621819
2020,4,20,oh,US,1476929,616128,838265,528206
2020,4,20,ok,US,720485,263986,377925,225590
2020,4,20,on,CA,249962,180145,249962,180145
2020,4,20,or,US,398045,165852,197772,134693
2020,4,20,pa,US,1186297,555048,701507,467309
2020,4,20,pe,CA,1785,1161,1785,1161
2020,4,20,pr,US,136944,88342,112162,83293
2020,4,20,qc,CA,140249,96547,140249,96547
2020,4,20,ri,US,82523,39406,47464,31862
2020,4,20,sc,US,760932,295936,414937,254393
2020,4,20,sd,US,103595,42711,57454,35639
2020,4,20,sk,CA,21165,14491,21165,14491
2020,4,20,tn,US,1062244,403258,559473,340901
2020,4,20,tx,US,4188949,1637423,2190228,1401152
2020,4,20,ut,US,351063,138541,179039,114668
2020,4,20,va,US,881497,383597,491530,324176
2020,4,20,vi,US,99,72,0,0
2020,4,20,vt,US,39432,18411,24382,15410
2020,4,20,wa,US,668582,293274,358351,248152
2020,4,20,wi,US,621909,283209,367584,239303
2020,4,20,wv,US,206584,86557,117540,72096
2020,4,20,wy,US,59299,24405,30352,19076
2020,4,20,yt,CA,490,367,490,367
2020,4,21,ALL,"",39840669,16608642,21504754,13940258
2020,4,21,ALL_CA,CA,611913,441227,611913,441227
2020,4,21,ALL_US,US,39228756,16167615,20892841,13499031
2020,4,21,ab,CA,82289,57847,82289,57847
2020,4,21,ak,US,51174,23011,26285,18644
2020,4,21,al,US,1066798,382572,553458,324886
2020,4,21,ar,US,594817,213415,301429,174868
2020,4,21,as,US,28,20,22,18
2020,4,21,az,US,783088,310327,379183,254791
2020,4,21,bc,CA,74594,54517,74594,54517
2020,4,21,ca,US,3217975,1378446,1606320,1127308
2020,4,21,co,US,577038,247837,296521,200032
2020,4,21,ct,US,288534,142910,170213,117739
2020,4,21,dc,US,27855,15646,0,0
2020,4,21,de,US,99962,45906,55355,36684
2020,4,21,fl,US,2941805,1176530,1518236,972110
2020,4,21,ga,US,1713505,647279,886156,542703
2020,4,21,gu,US,695,433,505,386
2020,4,21,hi,US,138659,53861,63082,44886
2020,4,21,ia,US,498220,199761,270710,163122
2020,4,21,id,US,189751,75688,96529,61004
2020,4,21,il,US,1516212,662339,825309,541581
2020,4,21,in,US,892459,371706,489821,305318
2020,4,21,ks,US,463885,185841,253591,153638
2020,4,21,ky,US,633830,249843,341441,205110
2020,4,21,la,US,763667,287096,400352,239709
2020,4,21,ma,US,485149,245447,278362,194626
2020,4,21,mb,CA,26651,18075,26651,18075
2020,4,21,md,US,581000,275316,317389,217841
2020,4,21,me,US,104625,46286,62263,39274
2020,4,21,mi,US,994235,485133,613252,418757
2020,4,21,mn,US,609330,274215,340021,224014
2020,4,21,mo,US,988142,382912,517474,315178
2020,4,21,mp,US,188,136,188,136
2020,4,21,ms,US,570250,207600,298090,173052
2020,4,21,mt,US,99591,39415,49833,31008
2020,4,21,nb,CA,9061,5967,9061,5967
2020,4,21,nc,US,1458732,560056,781923,473878
2020,4,21,nd,US,96345,40322,52063,32201
2020,4,21,ne,US,314130,121021,164520,98302
2020,4,21,nh,US,121480,58297,71798,47782
2020,4,21,nj,US,853640,433712,515041,362582
2020,4,21,nl,CA,5950,3949,5950,3949
2020,4,21,nm,US,182110,78782,93761,60826
2020,4,21,ns,CA,11294,7740,11294,7740
2020,4,21,nt,CA,489,350,489,350
2020,4,21,nu,CA,193,128,193,128
2020,4,21,nv,US,323573,132305,157256,107668
2020,4,21,ny,US,1572167,800544,882788,631329
2020,4,21,oh,US,1488430,644412,830856,534518
2020,4,21,ok,US,754438,279631,391382,233456
2020,4,21,on,CA,244345,180592,244345,180592
2020,4,21,or,US,401711,169537,197379,135090
2020,4,21,pa,US,1193417,576959,695210,473815
2020,4,21,pe,CA,1824,1186,1824,1186
2020,4,21,pr,US,143250,92720,120460,87977
2020,4,21,qc,CA,132946,95891,132946,95891
2020,4,21,ri,US,82663,41176,47330,32569
2020,4,21,sc,US,825256,307559,433435,256813
2020,4,21,sd,US,110135,43557,58879,35471
2020,4,21,sk,CA,21803,14624,21803,14624
2020,4,21,tn,US,1103366,416666,569241,342779
2020,4,21,tx,US,4387778,1704419,2244369,1422238
2020,4,21,ut,US,358476,140828,179732,114360
2020,4,21,va,US,959857,412932,510383,328858
2020,4,21,vi,US,98,76,0,0
2020,4,21,vt,US,38116,18865,23493,15546
2020,4,21,wa,US,666053,298083,353430,248010
2020,4,21,wi,US,631380,281745,359257,232782
2020,4,21,wv,US,207185,89487,116635,72799
2020,4,21,wy,US,62503,25343,30830,18959
2020,4,21,yt,CA,474,361,474,361
2020,4,22,ALL,"",39750581,16459554,21395349,13831696
2020,4,22,ALL_CA,CA,608024,436682,608024,436682
2020,4,22,ALL_US,US,39142557,16023086,20787325,13395014
2020,4,22,ab,CA,80940,57443,80940,57443
2020,4,22,ak,US,52542,23124,26414,18591
2020,4,22,al,US,1063236,385469,553664,327263
2020,4,22,ar,US,539078,213041,287013,175759
2020,4,22,as,US,24,17,21,16
2020,4,22,az,US,788322,309959,378835,253848
2020,4,22,bc,CA,72370,53799,72370,53799
2020,4,22,ca,US,3259404,1384923,1614116,1126485
2020,4,22,co,US,570502,242460,291206,196167
2020,4,22,ct,US,306093,139654,174131,115030
2020,4,22,dc,US,29023,15790,0,0
2020,4,22,de,US,101862,44285,54601,35296
2020,4,22,fl,US,2943356,1161679,1514194,964204
2020,4,22,ga,US,1724950,645421,888176,542240
2020,4,22,gu,US,687,436,484,379
2020,4,22,hi,US,141335,54399,63911,45078
2020,4,22,ia,US,504422,200127,272609,163121
2020,4,22,id,US,185198,75609,95213,61120
2020,4,22,il,US,1502371,659741,819857,540944
2020,4,22,in,US,898628,368803,493518,304449
2020,4,22,ks,US,434150,183524,240610,151665
2020,4,22,ky,US,640029,248393,342749,204268
2020,4,22,la,US,752449,292314,400893,243129
2020,4,22,ma,US,490346,237873,277480,189598
2020,4,22,mb,CA,26916,17898,26916,17898
2020,4,22,md,US,589658,267636,315893,211768
2020,4,22,me,US,103081,45357,60797,38506
2020,4,22,mi,US,993676,477013,611775,413692
2020,4,22,mn,US,636951,272845,349847,223513
2020,4,22,mo,US,946414,381012,503168,314548
2020,4,22,mp,US,174,136,174,136
2020,4,22,ms,US,560788,210365,297371,175713
2020,4,22,mt,US,97377,38865,49108,30841
2020,4,22,nb,CA,8642,5864,8642,5864
2020,4,22,nc,US,1467972,554454,779633,469797
2020,4,22,nd,US,98249,39859,52470,31758
2020,4,22,ne,US,315781,120167,164036,97504
2020,4,22,nh,US,125435,57689,72229,47115
2020,4,22,nj,US,887243,424932,520332,355389
2020,4,22,nl,CA,6070,3842,6070,3842
2020,4,22,nm,US,181257,78271,92911,60532
2020,4,22,ns,CA,10708,7457,10708,7457
2020,4,22,nt,CA,479,341,479,341
2020,4,22,nu,CA,205,136,205,136
2020,4,22,nv,US,327516,132220,157403,107096
2020,4,22,ny,US,1625280,785175,892034,620040
2020,4,22,oh,US,1499086,633260,832535,527431
2020,4,22,ok,US,680451,273330,363688,227612
2020,4,22,on,CA,244958,178312,244958,178312
2020,4,22,or,US,383060,167796,189835,133537
2020,4,22,pa,US,1228401,562489,700763,462813
2020,4,22,pe,CA,1729,1152,1729,1152
2020,4,22,pr,US,150165,94445,123195,89010
2020,4,22,qc,CA,133339,95868,133339,95868
2020,4,22,ri,US,86753,40230,47974,31783
2020,4,22,sc,US,830121,305169,432713,255009
2020,4,22,sd,US,112239,43174,59404,35089
2020,4,22,sk,CA,21219,14226,21219,14226
2020,4,22,tn,US,1089642,413484,564996,341749
2020,4,22,tx,US,4271083,1697468,2204027,1416491
2020,4,22,ut,US,358338,140204,178202,113397
2020,4,22,va,US,979527,404667,509997,322356
2020,4,22,vi,US,96,71,0,0
2020,4,22,vt,US,38028,18210,22910,14967
2020,4,22,wa,US,647445,296510,343168,245971
2020,4,22,wi,US,628520,279075,357430,231093
2020,4,22,wv,US,212449,87907,117265,71385
2020,4,22,wy,US,62294,25424,30347,18723
2020,4,22,yt,CA,449,344,449,344
2020,4,23,ALL,"",39865222,16578568,21050537,13668876
2020,4,23,ALL_CA,CA,570632,399375,570632,399375
2020,4,23,ALL_US,US,39294590,16179414,20479905,13269501
2020,4,23,ab,CA,76009,53035,76009,53035
2020,4,23,ak,US,52585,23049,25827,18280
2020,4,23,al,US,988700,383590,525045,323447
2020,4,23,ar,US,584729,210771,290209,170379
2020,4,23,as,US,28,25,23,21
2020,4,23,az,US,801356,314402,378228,252647
2020,4,23,bc,CA,71363,51503,71363,51503
2020,4,23,ca,US,3304052,1409275,1611810,1123191
2020,4,23,co,US,576366,247076,289348,195417
2020,4,23,ct,US,308326,141612,171951,113824
2020,4,23,dc,US,29264,16622,0,0
2020,4,23,de,US,101185,44912,53939,35205
2020,4,23,fl,US,3007909,1206841,1529188,982487
2020,4,23,ga,US,1592061,652219,839776,540674
2020,4,23,gu,US,658,401,464,355
2020,4,23,hi,US,142624,55267,63856,45234
2020,4,23,ia,US,510029,200874,269966,160747
2020,4,23,id,US,183448,76236,92786,60193
2020,4,23,il,US,1512741,667670,807091,532713
2020,4,23,in,US,863744,370653,470019,300401
2020,4,23,ks,US,471197,187274,250696,152159
2020,4,23,ky,US,592549,247270,320000,201570
2020,4,23,la,US,753118,287613,388645,236014
2020,4,23,ma,US,526792,247785,287638,189943
2020,4,23,mb,CA,26221,17024,26221,17024
2020,4,23,md,US,578584,270738,306080,209233
2020,4,23,me,US,109893,46189,63007,38317
2020,4,23,mi,US,1004329,481960,604482,409729
2020,4,23,mn,US,629278,276203,339546,220328
2020,4,23,mo,US,960399,382113,496347,310084
2020,4,23,mp,US,176,139,176,139
2020,4,23,ms,US,554565,207850,287557,171691
2020,4,23,mt,US,95687,39267,47876,30703
2020,4,23,nb,CA,8490,5672,8490,5672
2020,4,23,nc,US,1396620,560461,748106,469375
2020,4,23,nd,US,98010,40199,51645,31623
2020,4,23,ne,US,321394,123315,164412,98249
2020,4,23,nh,US,134614,59802,74982,47227
2020,4,23,nj,US,884209,428970,511114,351517
2020,4,23,nl,CA,5861,3776,5861,3776
2020,4,23,nm,US,185230,79180,92562,59964
2020,4,23,ns,CA,10509,7268,10509,7268
2020,4,23,nt,CA,435,297,435,297
2020,4,23,nu,CA,175,116,175,116
2020,4,23,nv,US,329957,134607,156309,106705
2020,4,23,ny,US,1628742,789737,872921,606455
2020,4,23,oh,US,1495788,642578,815983,523809
2020,4,23,ok,US,767718,273542,379983,223847
2020,4,23,on,CA,224650,160596,224650,160596
2020,4,23,or,US,405620,170656,194864,132917
2020,4,23,pa,US,1236092,571886,692617,459658
2020,4,23,pe,CA,1696,1136,1696,1136
2020,4,23,pr,US,124270,82805,103416,78149
2020,4,23,qc,CA,124168,85060,124168,85060
2020,4,23,ri,US,89338,41070,48420,31727
2020,4,23,sc,US,784873,309732,415640,256200
2020,4,23,sd,US,111132,44011,58531,35188
2020,4,23,sk,CA,20625,13571,20625,13571
2020,4,23,tn,US,1063507,417717,546255,339772
2020,4,23,tx,US,4501447,1689041,2212125,1383053
2020,4,23,ut,US,352135,140949,173083,112049
2020,4,23,va,US,939114,407416,489030,319537
2020,4,23,vi,US,89,68,0,0
2020,4,23,vt,US,41133,18937,24330,15182
2020,4,23,wa,US,669766,299433,347068,243590
2020,4,23,wi,US,632056,282027,351826,228526
2020,4,23,wv,US,204110,88446,112898,71013
2020,4,23,wy,US,61254,25986,30209,19044
2020,4,23,yt,CA,430,321,430,321
2020,4,24,ALL,"",42397449,16676223,21648156,13748261
2020,4,24,ALL_CA,CA,626429,440264,626429,440264
2020,4,24,ALL_US,US,41771020,16236163,21021727,13307997
2020,4,24,ab,CA,82591,57098,82591,57098
2020,4,24,ak,US,56098,23303,26941,18526
2020,4,24,al,US,1160841,386251,553127,318243
2020,4,24,ar,US,627492,219523,303071,176084
2020,4,24,as,US,33,22,29,21
2020,4,24,az,US,848159,316380,386942,252570
2020,4,24,bc,CA,75952,54498,75952,54498
2020,4,24,ca,US,3482368,1415175,1660257,1131902
2020,4,24,co,US,603763,246881,294405,196239
2020,4,24,ct,US,304384,139456,169654,113767
2020,4,24,dc,US,29056,16212,0,0
2020,4,24,de,US,101840,44625,53644,35203
2020,4,24,fl,US,3000313,1200314,1507872,975735
2020,4,24,ga,US,1889119,653602,894922,533064
2020,4,24,gu,US,710,424,485,361
2020,4,24,hi,US,150082,54868,65139,44879
2020,4,24,ia,US,522891,200494,269212,160732
2020,4,24,id,US,198715,75960,96462,60066
2020,4,24,il,US,1595971,671028,832425,539573
2020,4,24,in,US,972702,376484,505034,304269
2020,4,24,ks,US,456754,184581,240615,149803
2020,4,24,ky,US,674799,250791,341296,202188
2020,4,24,la,US,820474,288343,400804,234541
2020,4,24,ma,US,496394,241077,272498,188120
2020,4,24,mb,CA,27816,18197,27816,18197
2020,4,24,md,US,597929,269791,311397,210759
2020,4,24,me,US,113603,46088,63744,38368
2020,4,24,mi,US,1098120,486312,642640,414520
2020,4,24,mn,US,665526,279211,350325,222280
2020,4,24,mo,US,1023467,389725,514727,314692
2020,4,24,mp,US,167,123,167,123
2020,4,24,ms,US,620941,210909,299130,170355
2020,4,24,mt,US,103350,38922,48750,30211
2020,4,24,nb,CA,9048,5881,9048,5881
2020,4,24,nc,US,1559798,560544,785342,465235
2020,4,24,nd,US,104311,40859,53272,31854
2020,4,24,ne,US,323222,122924,161362,97442
2020,4,24,nh,US,134330,58338,73217,46596
2020,4,24,nj,US,866955,426645,500240,351834
2020,4,24,nl,CA,6000,3830,6000,3830
2020,4,24,nm,US,195034,79680,94399,60029
2020,4,24,ns,CA,10986,7634,10986,7634
2020,4,24,nt,CA,449,309,449,309
2020,4,24,nu,CA,195,133,195,133
2020,4,24,nv,US,348609,134444,161075,106720
2020,4,24,ny,US,1636912,794626,879848,615630
2020,4,24,oh,US,1638482,642863,859708,526199
2020,4,24,ok,US,788548,275318,380780,223205
2020,4,24,on,CA,250517,180409,250517,180409
2020,4,24,or,US,419647,170682,198176,133402
2020,4,24,pa,US,1252962,564596,689960,458004
2020,4,24,pe,CA,1861,1175,1861,1175
2020,4,24,pr,US,155486,95760,128122,90074
2020,4,24,qc,CA,139223,96522,139223,96522
2020,4,24,ri,US,86187,40209,46605,31334
2020,4,24,sc,US,883957,309373,431774,251246
2020,4,24,sd,US,115257,44206,58596,34820
2020,4,24,sk,CA,21363,14258,21363,14258
2020,4,24,tn,US,1177011,421411,569674,339134
2020,4,24,tx,US,4759961,1711380,2261033,1394856
2020,4,24,ut,US,381817,139914,178298,110269
2020,4,24,va,US,1006522,410626,507662,321743
2020,4,24,vi,US,104,77,0,0
2020,4,24,vt,US,42026,18739,24356,15054
2020,4,24,wa,US,714478,303201,361191,247063
2020,4,24,wi,US,681809,284156,366103,229419
2020,4,24,wv,US,216920,88834,114738,70779
2020,4,24,wy,US,64614,25969,30482,18862
2020,4,24,yt,CA,428,320,428,320
2020,4,25,ALL,"",40319896,16205624,21360293,13413094
2020,4,25,ALL_CA,CA,631887,440171,631887,440171
2020,4,25,ALL_US,US,39688009,15765584,20728406,12972923
2020,4,25,ab,CA,81041,56882,81041,56882
2020,4,25,ak,US,52134,22331,26820,17939
2020,4,25,al,US,1033399,372979,529070,309199
2020,4,25,ar,US,556062,201492,276816,161615
2020,4,25,as,US,37,27,25,17
2020,4,25,az,US,794069,301794,375365,241834
2020,4,25,bc,CA,75158,54171,75158,54171
2020,4,25,ca,US,3232688,1345073,1610513,1084383
2020,4,25,co,US,589830,237682,295812,189825
2020,4,25,ct,US,341768,141449,188205,114070
2020,4,25,dc,US,24394,14090,0,0
2020,4,25,de,US,108751,45147,57194,35367
2020,4,25,fl,US,2941322,1157645,1490122,944704
2020,4,25,ga,US,1775761,637607,877040,522333
2020,4,25,gu,US,617,410,476,367
2020,4,25,hi,US,138678,53536,65132,43865
2020,4,25,ia,US,506681,195331,269575,156726
2020,4,25,id,US,184311,73326,94418,58311
2020,4,25,il,US,1419901,644132,778182,524601
2020,4,25,in,US,887399,367687,485418,300705
2020,4,25,ks,US,461347,176776,245108,144476
2020,4,25,ky,US,595232,242271,324523,198703
2020,4,25,la,US,728701,274884,380218,225462
2020,4,25,ma,US,543037,239870,299932,187745
2020,4,25,mb,CA,26156,17868,26156,17868
2020,4,25,md,US,612028,267691,323488,209632
2020,4,25,me,US,111434,45721,65357,38273
2020,4,25,mi,US,1046183,478901,630895,410059
2020,4,25,mn,US,643995,268867,350098,216268
2020,4,25,mo,US,923735,368112,478331,298209
2020,4,25,mp,US,175,135,174,135
2020,4,25,ms,US,542219,202423,281896,165086
2020,4,25,mt,US,91107,36887,46581,28807
2020,4,25,nb,CA,8969,5862,8969,5862
2020,4,25,nc,US,1437219,555062,768646,464593
2020,4,25,nd,US,92728,38702,49844,30595
2020,4,25,ne,US,313968,119610,162324,95279
2020,4,25,nh,US,143122,59967,77944,46698
2020,4,25,nj,US,958134,427699,551183,351776
2020,4,25,nl,CA,5681,3766,5681,3766
2020,4,25,nm,US,177167,76045,90221,57247
2020,4,25,ns,CA,11257,7590,11257,7590
2020,4,25,nt,CA,438,324,438,324
2020,4,25,nu,CA,176,125,176,125
2020,4,25,nv,US,319718,129041,155146,102937
2020,4,25,ny,US,1756679,791733,947472,614034
2020,4,25,oh,US,1608366,638675,873177,525090
2020,4,25,ok,US,744111,262544,364891,212056
2020,4,25,on,CA,257156,181449,257156,181449
2020,4,25,or,US,382581,163402,191416,129076
2020,4,25,pa,US,1312391,562716,729671,456350
2020,4,25,pe,CA,1871,1198,1871,1198
2020,4,25,pr,US,118026,79754,99119,75428
2020,4,25,qc,CA,142866,96729,142866,96729
2020,4,25,ri,US,97754,40948,51920,31412
2020,4,25,sc,US,838054,306610,428218,249461
2020,4,25,sd,US,105052,42734,56312,33902
2020,4,25,sk,CA,20703,13889,20703,13889
2020,4,25,tn,US,1040841,411328,544366,336730
2020,4,25,tx,US,4438995,1645836,2184714,1342578
2020,4,25,ut,US,365298,134799,177668,106533
2020,4,25,va,US,947251,391318,501309,316854
2020,4,25,vi,US,82,64,0,0
2020,4,25,vt,US,41959,18586,25216,15027
2020,4,25,wa,US,655488,291721,348609,239621
2020,4,25,wi,US,640366,274970,357992,222817
2020,4,25,wv,US,205503,87003,114856,70038
2020,4,25,wy,US,60161,24920,29388,18075
2020,4,25,yt,CA,415,318,415,318
2020,4,26,ALL,"",35518385,16090134,20666174,13603352
2020,4,26,ALL_CA,CA,581405,432725,581405,432725
2020,4,26,ALL_US,US,34936980,15657513,20084769,13170627
2020,4,26,ab,CA,77686,56474,77686,56474
2020,4,26,ak,US,47026,22248,26430,18216
2020,4,26,al,US,909746,367783,523628,315268
2020,4,26,ar,US,500473,200951,284319,167696
2020,4,26,as,US,23,17,22,16
2020,4,26,az,US,704946,303530,367841,249040
2020,4,26,bc,CA,73168,54034,73168,54034
2020,4,26,ca,US,2962528,1360211,1593052,1112441
2020,4,26,co,US,533043,239362,291330,194419
2020,4,26,ct,US,261470,136712,161445,113343
2020,4,26,dc,US,20007,12384,0,0
2020,4,26,de,US,83785,42396,50335,34924
2020,4,26,fl,US,2551766,1134513,1436568,949118
2020,4,26,ga,US,1533884,625866,854177,528748
2020,4,26,gu,US,611,407,477,363
2020,4,26,hi,US,124726,53006,63126,44057
2020,4,26,ia,US,463361,196140,272422,162775
2020,4,26,id,US,160337,73378,91876,60003
2020,4,26,il,US,1449877,654446,835771,538730
2020,4,26,in,US,796460,360908,470975,302178
2020,4,26,ks,US,409392,175451,241982,148491
2020,4,26,ky,US,506325,236011,304959,199164
2020,4,26,la,US,663250,274203,381049,231644
2020,4,26,ma,US,440913,236924,269418,189397
2020,4,26,mb,CA,25562,17865,25562,17865
2020,4,26,md,US,489724,256413,291694,209601
2020,4,26,me,US,97422,45897,61920,39049
2020,4,26,mi,US,997171,480863,634244,415352
2020,4,26,mn,US,585753,270052,348498,223235
2020,4,26,mo,US,902639,371350,509228,309436
2020,4,26,mp,US,164,128,164,128
2020,4,26,ms,US,482196,199305,281835,167787
2020,4,26,mt,US,85138,37727,47802,30505
2020,4,26,nb,CA,8559,5754,8559,5754
2020,4,26,nc,US,1286516,542001,752177,464780
2020,4,26,nd,US,82801,38603,50050,31721
2020,4,26,ne,US,282549,118136,161748,97486
2020,4,26,nh,US,118891,58106,71456,47162
2020,4,26,nj,US,740526,415793,474471,350048
2020,4,26,nl,CA,5913,3773,5913,3773
2020,4,26,nm,US,159516,75311,88856,59022
2020,4,26,ns,CA,10702,7486,10702,7486
2020,4,26,nt,CA,433,336,433,336
2020,4,26,nu,CA,201,134,201,134
2020,4,26,nv,US,291876,130169,153342,105451
2020,4,26,ny,US,1384922,775853,829197,612267
2020,4,26,oh,US,1281162,616673,768081,519261
2020,4,26,ok,US,654489,260895,363784,218757
2020,4,26,on,CA,232571,176155,232571,176155
2020,4,26,or,US,362770,164944,194115,132514
2020,4,26,pa,US,1028377,546439,637377,454360
2020,4,26,pe,CA,1785,1139,1785,1139
2020,4,26,pr,US,133540,96800,124255,93708
2020,4,26,qc,CA,124586,95038,124586,95038
2020,4,26,ri,US,76236,39608,45424,31395
2020,4,26,sc,US,729760,296099,415431,249454
2020,4,26,sd,US,99151,42641,58158,35007
2020,4,26,sk,CA,19760,14185,19760,14185
2020,4,26,tn,US,907351,397142,522948,334218
2020,4,26,tx,US,3936129,1626611,2150281,1366745
2020,4,26,ut,US,279585,133992,162741,109945
2020,4,26,va,US,842492,397455,483491,321339
2020,4,26,vi,US,71,53,0,0
2020,4,26,vt,US,35130,18302,23098,15220
2020,4,26,wa,US,613906,294122,350868,245412
2020,4,26,wi,US,622040,278845,373018,231538
2020,4,26,wv,US,171176,84148,105107,69928
2020,4,26,wy,US,51862,24671,28708,18765
2020,4,26,yt,CA,479,352,479,352
2020,4,27,ALL,"",40578290,16473270,21272493,13598623
2020,4,27,ALL_CA,CA,622531,435960,622531,435960
2020,4,27,ALL_US,US,39955759,16037455,20649962,13162663
2020,4,27,ab,CA,79680,56197,79680,56197
2020,4,27,ak,US,54830,22663,26449,18019
2020,4,27,al,US,1065949,376798,540848,315168
2020,4,27,ar,US,581260,209526,291096,169618
2020,4,27,as,US,26,19,23,18
2020,4,27,az,US,788504,308881,371263,248045
2020,4,27,bc,CA,73768,53385,73768,53385
2020,4,27,ca,US,3284294,1385425,1595785,1109007
2020,4,27,co,US,607657,245124,296491,194071
2020,4,27,ct,US,291911,138414,166206,112673
2020,4,27,dc,US,30345,16945,0,0
2020,4,27,de,US,98954,44231,53223,34904
2020,4,27,fl,US,2998454,1166346,1499408,946795
2020,4,27,ga,US,1770440,641488,872534,526346
2020,4,27,gu,US,729,432,499,372
2020,4,27,hi,US,141727,53767,62521,44192
2020,4,27,ia,US,512843,203279,273201,163676
2020,4,27,id,US,186865,75230,93675,59720
2020,4,27,il,US,1538330,675250,825630,539557
2020,4,27,in,US,934765,376499,498604,302959
2020,4,27,ks,US,461557,182212,245635,148129
2020,4,27,ky,US,650160,249055,338361,200893
2020,4,27,la,US,768006,282451,392003,231623
2020,4,27,ma,US,459370,236758,260127,185657
2020,4,27,mb,CA,27128,17705,27128,17705
2020,4,27,md,US,572110,264712,307572,209450
2020,4,27,me,US,97705,45266,57770,37966
2020,4,27,mi,US,1093638,488083,643064,413585
2020,4,27,mn,US,643197,278368,346483,222333
2020,4,27,mo,US,985674,383965,506593,310843
2020,4,27,mp,US,171,129,171,129
2020,4,27,ms,US,579268,204829,292389,167621
2020,4,27,mt,US,98946,39048,48307,30310
2020,4,27,nb,CA,8640,5761,8640,5761
2020,4,27,nc,US,1461920,549141,760957,457135
2020,4,27,nd,US,99759,40202,52054,31450
2020,4,27,ne,US,320660,122200,164556,97773
2020,4,27,nh,US,118053,57158,67928,46015
2020,4,27,nj,US,864662,424802,504011,349806
2020,4,27,nl,CA,5891,3774,5891,3774
2020,4,27,nm,US,181006,76636,90717,58448
2020,4,27,ns,CA,10537,7532,10537,7532
2020,4,27,nt,CA,473,324,473,324
2020,4,27,nu,CA,190,127,190,127
2020,4,27,nv,US,329494,132387,154482,104867
2020,4,27,ny,US,1609797,789026,871383,610239
2020,4,27,oh,US,1592673,647465,856276,526701
2020,4,27,ok,US,753517,270221,375215,221275
2020,4,27,on,CA,253573,179407,253573,179407
2020,4,27,or,US,398051,167873,191380,131318
2020,4,27,pa,US,1234087,566089,691101,457144
2020,4,27,pe,CA,1732,1143,1732,1143
2020,4,27,pr,US,154757,96351,126018,90598
2020,4,27,qc,CA,139281,96217,139281,96217
2020,4,27,ri,US,80876,39745,45031,30813
2020,4,27,sc,US,842897,303748,424111,248002
2020,4,27,sd,US,114151,44715,59917,35655
2020,4,27,sk,CA,21221,14080,21221,14080
2020,4,27,tn,US,1132396,413944,560959,333989
2020,4,27,tx,US,4432713,1680864,2204739,1380828
2020,4,27,ut,US,365429,140179,177069,110836
2020,4,27,va,US,941315,395537,492924,317251
2020,4,27,vi,US,103,74,0,0
2020,4,27,vt,US,37867,18397,22480,14879
2020,4,27,wa,US,679141,299451,350057,243987
2020,4,27,wi,US,635227,284827,354373,230550
2020,4,27,wv,US,214521,88352,115641,70545
2020,4,27,wy,US,63002,25515,30652,18880
2020,4,27,yt,CA,417,308,417,308
2020,4,28,ALL,"",41197533,16549971,21453749,13616834
2020,4,28,ALL_CA,CA,615570,432824,615570,432824
2020,4,28,ALL_US,US,40581963,16117356,20838179,13184010
2020,4,28,ab,CA,80521,56112,80521,56112
2020,4,28,ak,US,54848,22701,26317,17968
2020,4,28,al,US,1071168,376648,539927,315163
2020,4,28,ar,US,590359,216789,299446,175589
2020,4,28,as,US,27,22,23,19
2020,4,28,az,US,790046,304960,367475,244557
2020,4,28,bc,CA,73384,53802,73384,53802
2020,4,28,ca,US,3319624,1382821,1593704,1102088
2020,4,28,co,US,597319,241019,289403,190109
2020,4,28,ct,US,325206,141376,179100,113584
2020,4,28,dc,US,30263,16760,0,0
2020,4,28,de,US,104714,44662,54987,34900
2020,4,28,fl,US,3003271,1154894,1482712,933828
2020,4,28,ga,US,1791829,640979,875115,525450
2020,4,28,gu,US,691,430,486,359
2020,4,28,hi,US,142125,52964,61688,43345
2020,4,28,ia,US,497468,200117,264804,160244
2020,4,28,id,US,193679,74174,94057,58519
2020,4,28,il,US,1583759,685962,850671,547556
2020,4,28,in,US,949779,379562,503845,305625
2020,4,28,ks,US,460703,184264,245929,149137
2020,4,28,ky,US,646336,248358,335360,200235
2020,4,28,la,US,748525,288055,392345,236182
2020,4,28,ma,US,516211,242310,282392,187704
2020,4,28,mb,CA,26310,17674,26310,17674
2020,4,28,md,US,582002,263947,308923,208785
2020,4,28,me,US,106508,45631,60676,37928
2020,4,28,mi,US,1131297,494763,657764,417181
2020,4,28,mn,US,586985,270331,322336,216993
2020,4,28,mo,US,1003587,391022,519070,315855
2020,4,28,mp,US,177,133,177,133
2020,4,28,ms,US,577272,206726,293452,169333
2020,4,28,mt,US,102711,38577,48550,29846
2020,4,28,nb,CA,8843,5836,8843,5836
2020,4,28,nc,US,1490258,549975,764491,456677
2020,4,28,nd,US,97789,40572,50875,31423
2020,4,28,ne,US,316842,123083,161728,97112
2020,4,28,nh,US,131281,58102,72676,46012
2020,4,28,nj,US,950563,431831,541100,351846
2020,4,28,nl,CA,5800,3843,5800,3843
2020,4,28,nm,US,181315,75674,89572,57438
2020,4,28,ns,CA,10241,7472,10241,7472
2020,4,28,nt,CA,479,321,479,321
2020,4,28,nu,CA,217,143,217,143
2020,4,28,nv,US,334279,130804,154379,103758
2020,4,28,ny,US,1777874,808590,928982,615113
2020,4,28,oh,US,1579452,644683,845484,523537
2020,4,28,ok,US,755526,276542,385939,225066
2020,4,28,on,CA,248169,177690,248169,177690
2020,4,28,or,US,412638,168062,193774,130291
2020,4,28,pa,US,1294171,571871,711463,457884
2020,4,28,pe,CA,1699,1149,1699,1149
2020,4,28,pr,US,161784,100419,133280,94831
2020,4,28,qc,CA,138236,94249,138236,94249
2020,4,28,ri,US,88771,39937,47844,30829
2020,4,28,sc,US,845031,302648,423532,247566
2020,4,28,sd,US,109854,44363,57014,34872
2020,4,28,sk,CA,21184,14178,21184,14178
2020,4,28,tn,US,1137837,417351,563130,336850
2020,4,28,tx,US,4446167,1717285,2220946,1403844
2020,4,28,ut,US,367953,138422,175500,109165
2020,4,28,va,US,950196,391870,492864,315520
2020,4,28,vi,US,116,79,0,0
2020,4,28,vt,US,41865,18784,24276,14982
2020,4,28,wa,US,685130,297058,348414,241572
2020,4,28,wi,US,642242,286355,357262,231485
2020,4,28,wv,US,212713,88082,113607,70010
2020,4,28,wy,US,61827,24984,29313,18112
2020,4,28,yt,CA,487,355,487,355
2020,4,29,ALL,"",39823249,15989667,20445620,13084621
2020,4,29,ALL_CA,CA,567224,399966,567224,399966
2020,4,29,ALL_US,US,39256025,15589886,19878396,12684655
2020,4,29,ab,CA,75424,52542,75424,52542
2020,4,29,ak,US,52476,21454,24428,16753
2020,4,29,al,US,1016165,368956,515940,308128
2020,4,29,ar,US,580342,201968,278134,161170
2020,4,29,as,US,24,21,20,20
2020,4,29,az,US,772081,297364,353569,235673
2020,4,29,bc,CA,66142,48860,66142,48860
2020,4,29,ca,US,3222539,1336743,1534575,1060460
2020,4,29,co,US,590115,234900,281689,184398
2020,4,29,ct,US,304520,135908,167696,109024
2020,4,29,dc,US,30899,16922,0,0
2020,4,29,de,US,102139,43629,53848,34081
2020,4,29,fl,US,2955978,1134317,1447388,913427
2020,4,29,ga,US,1717385,632718,843222,515329
2020,4,29,gu,US,677,414,482,360
2020,4,29,hi,US,138090,51863,59824,42095
2020,4,29,ia,US,482412,195965,254844,157473
2020,4,29,id,US,191013,74106,92512,58008
2020,4,29,il,US,1415702,640187,753389,509740
2020,4,29,in,US,865178,361594,459374,289859
2020,4,29,ks,US,447972,175158,232969,141474
2020,4,29,ky,US,608845,241891,315904,193685
2020,4,29,la,US,737390,276819,372123,225306
2020,4,29,ma,US,517541,234882,278373,180469
2020,4,29,mb,CA,25759,16694,25759,16694
2020,4,29,md,US,601506,261850,312421,204780
2020,4,29,me,US,110117,44591,61335,36690
2020,4,29,mi,US,1019492,469091,588966,393412
2020,4,29,mn,US,611663,261978,321490,208067
2020,4,29,mo,US,944138,367846,472847,294493
2020,4,29,mp,US,179,137,179,137
2020,4,29,ms,US,560001,200597,279638,163977
2020,4,29,mt,US,102071,38241,47425,29184
2020,4,29,nb,CA,8513,5512,8513,5512
2020,4,29,nc,US,1478147,551186,760294,455581
2020,4,29,nd,US,98668,38851,49576,29849
2020,4,29,ne,US,309200,118707,154703,93089
2020,4,29,nh,US,133872,56755,72702,44551
2020,4,29,nj,US,875748,412477,496994,335600
2020,4,29,nl,CA,5525,3596,5525,3596
2020,4,29,nm,US,178682,74509,86064,55181
2020,4,29,ns,CA,10281,7092,10281,7092
2020,4,29,nt,CA,458,304,458,304
2020,4,29,nu,CA,181,116,181,116
2020,4,29,nv,US,324288,127486,148427,100089
2020,4,29,ny,US,1617969,763562,849342,581646
2020,4,29,oh,US,1491877,626527,797512,506201
2020,4,29,ok,US,758190,261642,361735,211195
2020,4,29,on,CA,224082,162930,224082,162930
2020,4,29,or,US,399125,165013,185765,126154
2020,4,29,pa,US,1268973,561131,691772,446827
2020,4,29,pe,CA,1640,1073,1640,1073
2020,4,29,pr,US,157793,96943,125611,90578
2020,4,29,qc,CA,128819,87786,128819,87786
2020,4,29,ri,US,89806,39544,47437,30056
2020,4,29,sc,US,841063,305940,422208,248087
2020,4,29,sd,US,111253,42823,55960,33541
2020,4,29,sk,CA,20000,13153,20000,13153
2020,4,29,tn,US,1090976,409967,537666,327898
2020,4,29,tx,US,4400391,1639048,2125925,1329317
2020,4,29,ut,US,363026,136005,171400,106742
2020,4,29,va,US,975393,390645,497435,311563
2020,4,29,vi,US,99,79,0,0
2020,4,29,vt,US,40503,18081,23451,14443
2020,4,29,wa,US,666695,288469,334416,231876
2020,4,29,wi,US,607811,274000,334110,220304
2020,4,29,wv,US,215104,86768,114181,68789
2020,4,29,wy,US,62723,24845,29106,17826
2020,4,29,yt,CA,400,308,400,308
2020,4,30,ALL,"",41271725,16606000,22026948,14559966
2020,4,30,ALL_CA,CA,691544,495431,691544,495431
2020,4,30,ALL_US,US,40580181,16110818,21335404,14064539
2020,4,30,ab,CA,89590,64000,89590,64000
2020,4,30,ak,US,53367,22535,27417,19615
2020,4,30,al,US,1138998,386910,566380,341716
2020,4,30,ar,US,618395,210893,302829,180968
2020,4,30,as,US,98,68,87,66
2020,4,30,az,US,805097,311206,391419,267856
2020,4,30,bc,CA,86333,62515,86333,62515
2020,4,30,ca,US,3317918,1360405,1672899,1177628
2020,4,30,co,US,601157,245439,305460,208003
2020,4,30,ct,US,294958,141033,173941,121508
2020,4,30,dc,US,24724,13852,0,0
2020,4,30,de,US,99157,45532,55577,38063
2020,4,30,fl,US,2963022,1175305,1525905,1011544
2020,4,30,ga,US,1829759,652234,904132,566704
2020,4,30,gu,US,3265,2999,2999,2891
2020,4,30,hi,US,146894,54678,67953,48461
2020,4,30,ia,US,538219,206637,288559,177577
2020,4,30,id,US,192470,78305,100099,66327
2020,4,30,il,US,1557905,660351,844460,563095
2020,4,30,in,US,884474,370063,486325,317990
2020,4,30,ks,US,480349,182284,255188,156538
2020,4,30,ky,US,635536,249342,337614,213264
2020,4,30,la,US,809680,288483,410024,250853
2020,4,30,ma,US,487601,238573,280443,197968
2020,4,30,mb,CA,30322,20047,30322,20047
2020,4,30,md,US,543465,266016,308186,223674
2020,4,30,me,US,106484,46613,63230,41515
2020,4,30,mi,US,1055648,484193,629506,428853
2020,4,30,mn,US,649280,274736,354638,234023
2020,4,30,mo,US,1044320,384892,529378,329085
2020,4,30,mp,US,663,629,661,628
2020,4,30,ms,US,617336,210336,307272,182554
2020,4,30,mt,US,102672,40436,51421,33908
2020,4,30,nb,CA,10496,6957,10496,6957
2020,4,30,nc,US,1454788,564502,775542,495510
2020,4,30,nd,US,101745,40525,53795,33730
2020,4,30,ne,US,331735,124159,169971,103804
2020,4,30,nh,US,124388,58187,72091,49276
2020,4,30,nj,US,862394,424887,518945,368013
2020,4,30,nl,CA,6682,4361,6682,4361
2020,4,30,nm,US,184357,78365,96039,64363
2020,4,30,ns,CA,13020,8879,13020,8879
2020,4,30,nt,CA,497,365,497,365
2020,4,30,nu,CA,290,200,290,200
2020,4,30,nv,US,335471,132708,163792,113592
2020,4,30,ny,US,1578581,777244,898473,647658
2020,4,30,oh,US,1516243,639577,839744,551808
2020,4,30,ok,US,805347,273001,393889,236632
2020,4,30,on,CA,275638,200196,275638,200196
2020,4,30,or,US,416886,171125,205301,142438
2020,4,30,pa,US,1203182,569348,698728,485572
2020,4,30,pe,CA,2074,1349,2074,1349
2020,4,30,pr,US,217006,126301,183177,121804
2020,4,30,qc,CA,151393,109519,151393,109519
2020,4,30,ri,US,82517,39669,47403,32857
2020,4,30,sc,US,857848,311711,438502,270441
2020,4,30,sd,US,118326,45431,61647,38188
2020,4,30,sk,CA,24691,16649,24691,16649
2020,4,30,tn,US,1163937,419538,576523,357561
2020,4,30,tx,US,4666763,1704158,2299982,1469157
2020,4,30,ut,US,371488,140955,185676,120127
2020,4,30,va,US,906102,397453,495099,339953
2020,4,30,vi,US,252,180,0,0
2020,4,30,vt,US,39623,19679,24406,16765
2020,4,30,wa,US,688949,300604,366559,261174
2020,4,30,wi,US,668956,284953,376106,245559
2020,4,30,wv,US,215272,89599,117616,75814
2020,4,30,wy,US,65114,26822,32396,21115
2020,4,30,yt,CA,518,402,518,402
